time,open,high,low,close,tick_volume,spread,real_volume
2022-08-01 00:00:00,1.02083,1.0226,1.02055,1.02201,12308,5,0
2022-08-01 04:00:00,1.02201,1.02412,1.02153,1.02237,18904,5,0
2022-08-01 08:00:00,1.02238,1.02675,1.02132,1.02556,36947,5,0
2022-08-01 12:00:00,1.02556,1.027,1.02247,1.02358,41369,3,0
2022-08-01 16:00:00,1.02358,1.02752,1.02265,1.02738,56289,5,0
2022-08-01 20:00:00,1.02738,1.02741,1.02453,1.02601,17067,5,0
2022-08-02 00:00:00,1.02601,1.02938,1.02488,1.02864,15259,5,0
2022-08-02 04:00:00,1.02864,1.02865,1.02608,1.02711,28328,4,0
2022-08-02 08:00:00,1.02711,1.02767,1.0215,1.02406,46378,3,0
2022-08-02 12:00:00,1.02406,1.02454,1.02065,1.02116,40758,4,0
2022-08-02 16:00:00,1.02117,1.02358,1.01809,1.01948,68448,5,0
2022-08-02 20:00:00,1.01948,1.01959,1.01633,1.01645,21267,5,0
2022-08-03 00:00:00,1.01644,1.01712,1.015,1.01579,12718,5,0
2022-08-03 04:00:00,1.0158,1.01936,1.01567,1.01859,20041,5,0
2022-08-03 08:00:00,1.01858,1.01912,1.01539,1.01875,38359,4,0
2022-08-03 12:00:00,1.01875,1.02103,1.01785,1.01858,42693,4,0
2022-08-03 16:00:00,1.01857,1.01874,1.01224,1.01499,63889,4,0
2022-08-03 20:00:00,1.01499,1.01738,1.01482,1.01621,15456,5,0
2022-08-04 00:00:00,1.01621,1.01698,1.01541,1.0165,10701,5,0
2022-08-04 04:00:00,1.01649,1.0176,1.01601,1.0164,11797,5,0
2022-08-04 08:00:00,1.01639,1.0194,1.01563,1.01915,30456,4,0
2022-08-04 12:00:00,1.01915,1.01978,1.01601,1.01879,52805,4,0
2022-08-04 16:00:00,1.0188,1.02393,1.01731,1.02365,53951,4,0
2022-08-04 20:00:00,1.02364,1.02538,1.02304,1.02444,14434,5,0
2022-08-05 00:00:00,1.02444,1.02519,1.02312,1.02321,7819,5,0
2022-08-05 04:00:00,1.02321,1.02395,1.02293,1.02349,11574,4,0
2022-08-05 08:00:00,1.02349,1.02392,1.02182,1.02236,23321,4,0
2022-08-05 12:00:00,1.02236,1.02384,1.01539,1.01576,48297,5,0
2022-08-05 16:00:00,1.01577,1.01874,1.01414,1.01825,62603,4,0
2022-08-05 20:00:00,1.01825,1.01928,1.01704,1.01773,20438,5,0
2022-08-08 00:00:00,1.01727,1.01779,1.0159,1.01662,10200,5,0
2022-08-08 04:00:00,1.01662,1.01856,1.01641,1.01854,10007,5,0
2022-08-08 08:00:00,1.01855,1.02148,1.0171,1.01917,29020,5,0
2022-08-08 12:00:00,1.01917,1.02022,1.01726,1.01984,27756,5,0
2022-08-08 16:00:00,1.01985,1.02217,1.01907,1.01959,32058,4,0
2022-08-08 20:00:00,1.01959,1.02054,1.01851,1.01926,13506,5,0
2022-08-09 00:00:00,1.01926,1.02008,1.01888,1.01914,5470,5,0
2022-08-09 04:00:00,1.01914,1.01975,1.01882,1.01939,7546,5,0
2022-08-09 08:00:00,1.01938,1.02446,1.01926,1.02393,22408,4,0
2022-08-09 12:00:00,1.02392,1.02473,1.02145,1.02372,28657,2,0
2022-08-09 16:00:00,1.02372,1.02441,1.02144,1.02182,27667,5,0
2022-08-09 20:00:00,1.02182,1.022,1.02024,1.02114,9213,5,0
2022-08-10 00:00:00,1.02114,1.02135,1.02026,1.0207600000000001,5915,5,0
2022-08-10 04:00:00,1.0207600000000001,1.0219,1.02052,1.02129,6194,5,0
2022-08-10 08:00:00,1.02129,1.02257,1.02018,1.02222,19369,5,0
2022-08-10 12:00:00,1.02222,1.03456,1.0217,1.03238,53046,5,0
2022-08-10 16:00:00,1.03239,1.03685,1.0305,1.03249,76587,4,0
2022-08-10 20:00:00,1.03249,1.03281,1.02943,1.0298,24010,5,0
2022-08-11 00:00:00,1.02983,1.03038,1.02933,1.02981,6961,5,0
2022-08-11 04:00:00,1.02981,1.02981,1.02813,1.0283,9330,5,0
2022-08-11 08:00:00,1.02831,1.03413,1.02753,1.0341,30099,4,0
2022-08-11 12:00:00,1.0341,1.03518,1.0322,1.0346899999999999,41145,5,0
2022-08-11 16:00:00,1.0346899999999999,1.03643,1.03236,1.03299,49838,5,0
2022-08-11 20:00:00,1.03299,1.03324,1.03094,1.03167,17317,5,0
2022-08-12 00:00:00,1.03168,1.03263,1.03065,1.03129,6730,5,0
2022-08-12 04:00:00,1.03129,1.03215,1.03047,1.03173,8891,5,0
2022-08-12 08:00:00,1.03173,1.03242,1.02879,1.03018,25443,5,0
2022-08-12 12:00:00,1.03018,1.03084,1.02689,1.02704,33734,4,0
2022-08-12 16:00:00,1.02705,1.0284,1.02381,1.02563,46008,4,0
2022-08-12 20:00:00,1.02563,1.02678,1.02535,1.02578,10154,5,0
2022-08-15 00:00:00,1.02562,1.02672,1.02533,1.02661,6535,5,0
2022-08-15 04:00:00,1.02661,1.02682,1.02397,1.02503,10476,5,0
2022-08-15 08:00:00,1.02503,1.02521,1.01999,1.02069,21312,5,0
2022-08-15 12:00:00,1.02069,1.02144,1.01857,1.02006,33104,5,0
2022-08-15 16:00:00,1.02005,1.02231,1.01714,1.01755,29786,5,0
2022-08-15 20:00:00,1.01755,1.01783,1.01543,1.01579,8709,5,0
2022-08-16 00:00:00,1.01579,1.0166,1.01472,1.01535,9282,5,0
2022-08-16 04:00:00,1.01535,1.01696,1.01488,1.01588,9730,5,0
2022-08-16 08:00:00,1.01588,1.01687,1.01339,1.01387,30194,3,0
2022-08-16 12:00:00,1.01386,1.01464,1.01223,1.01435,37081,5,0
2022-08-16 16:00:00,1.01435,1.01947,1.01429,1.01655,37082,5,0
2022-08-16 20:00:00,1.01656,1.01805,1.01618,1.01697,10537,5,0
2022-08-17 00:00:00,1.01697,1.01745,1.01639,1.01704,5407,5,0
2022-08-17 04:00:00,1.01704,1.01836,1.01665,1.01813,10541,5,0
2022-08-17 08:00:00,1.01813,1.01863,1.01491,1.01738,31304,4,0
2022-08-17 12:00:00,1.01737,1.01838,1.01452,1.01582,34493,5,0
2022-08-17 16:00:00,1.01582,1.01985,1.01527,1.01648,39461,5,0
2022-08-17 20:00:00,1.01649,1.02028,1.01627,1.01791,32881,5,0
2022-08-18 00:00:00,1.01791,1.01929,1.01725,1.01878,6174,4,0
2022-08-18 04:00:00,1.01878,1.01912,1.01629,1.01668,11083,5,0
2022-08-18 08:00:00,1.01667,1.01783,1.01458,1.01668,33449,4,0
2022-08-18 12:00:00,1.01668,1.0188,1.01577,1.01698,41539,4,0
2022-08-18 16:00:00,1.01699,1.0172,1.00888,1.00901,45875,4,0
2022-08-18 20:00:00,1.009,1.00991,1.00794,1.00816,16716,5,0
2022-08-19 00:00:00,1.00805,1.00919,1.00736,1.00791,7022,5,0
2022-08-19 04:00:00,1.00791,1.00867,1.00695,1.00758,10383,5,0
2022-08-19 08:00:00,1.00758,1.00954,1.00738,1.00885,27747,5,0
2022-08-19 12:00:00,1.00885,1.0089,1.00453,1.00653,34288,4,0
2022-08-19 16:00:00,1.00652,1.00683,1.00325,1.00357,31440,5,0
2022-08-19 20:00:00,1.00356,1.00458,1.00319,1.00352,9138,5,0
2022-08-22 00:00:00,1.00338,1.00402,1.00246,1.00257,9715,5,0
2022-08-22 04:00:00,1.00257,1.00464,1.00232,1.0038,10979,5,0
2022-08-22 08:00:00,1.00379,1.00395,0.9989,1.00136,32169,5,0
2022-08-22 12:00:00,1.00135,1.00181,0.99951,1.0006,34371,4,0
2022-08-22 16:00:00,1.0006,1.00074,0.99276,0.99318,43886,5,0
2022-08-22 20:00:00,0.99318,0.9946,0.99259,0.9942,11794,4,0
2022-08-23 00:00:00,0.9942,0.995,0.99299,0.99395,8778,5,0
2022-08-23 04:00:00,0.99396,0.99489,0.99344,0.99345,9973,5,0
2022-08-23 08:00:00,0.99345,0.99496,0.99005,0.9932,49873,3,0
2022-08-23 12:00:00,0.9932,0.99403,0.99124,0.99235,38327,4,0
2022-08-23 16:00:00,0.99235,1.00181,0.99204,0.9979,68378,2,0
2022-08-23 20:00:00,0.99791,0.99803,0.99594,0.9968,12994,5,0
2022-08-24 00:00:00,0.9968,0.99733,0.99518,0.99524,7346,5,0
2022-08-24 04:00:00,0.99524,0.99605,0.99425,0.99571,13147,5,0
2022-08-24 08:00:00,0.99571,0.99618,0.99344,0.99458,24930,5,0
2022-08-24 12:00:00,0.99458,0.99583,0.99144,0.99283,40792,4,0
2022-08-24 16:00:00,0.99283,0.99989,0.99099,0.9953,58646,5,0
2022-08-24 20:00:00,0.9953,0.99756,0.99513,0.99631,13022,5,0
2022-08-25 00:00:00,0.99611,0.99876,0.99611,0.99823,8557,5,0
2022-08-25 04:00:00,0.99823,1.00079,0.99759,0.99986,12756,4,0
2022-08-25 08:00:00,0.99987,1.00333,0.99871,1.0007,38411,4,0
2022-08-25 12:00:00,1.00071,1.0011,0.99632,0.99692,41485,3,0
2022-08-25 16:00:00,0.99692,1.00004,0.99489,0.99606,42128,5,0
2022-08-25 20:00:00,0.99606,0.99787,0.99583,0.9973,14030,5,0
2022-08-26 00:00:00,0.9973,0.99764,0.99625,0.99653,8752,5,0
2022-08-26 04:00:00,0.99653,0.99745,0.99619,0.99624,9317,5,0
2022-08-26 08:00:00,0.99624,0.9991,0.99464,0.99889,25097,4,0
2022-08-26 12:00:00,0.99889,1.00329,0.99856,1.00327,39676,4,0
2022-08-26 16:00:00,1.00327,1.00898,0.99752,0.99796,101171,4,0
2022-08-26 20:00:00,0.99796,0.9983,0.99564,0.99632,17949,5,0
2022-08-29 00:00:00,0.99646,0.99653,0.99284,0.99301,14969,4,0
2022-08-29 04:00:00,0.99301,0.99376,0.99146,0.99162,15039,5,0
2022-08-29 08:00:00,0.99162,0.99503,0.99139,0.99382,32329,3,0
2022-08-29 12:00:00,0.99382,1.0029,0.99377,1.00085,48158,4,0
2022-08-29 16:00:00,1.00085,1.0027,0.99809,1.00143,43945,4,0
2022-08-29 20:00:00,1.00143,1.00225,0.99882,0.99921,13254,5,0
2022-08-30 00:00:00,0.99921,1.00133,0.99916,1.00057,6814,5,0
2022-08-30 04:00:00,1.00056,1.00105,0.99819,0.99995,15086,5,0
2022-08-30 08:00:00,0.99995,1.00339,0.99822,1.00248,38264,4,0
2022-08-30 12:00:00,1.00248,1.00547,1.00082,1.00113,44818,4,0
2022-08-30 16:00:00,1.00113,1.00413,0.99823,1.00235,66731,5,0
2022-08-30 20:00:00,1.00234,1.00312,1.001,1.00124,21375,5,0
2022-08-31 00:00:00,1.00124,1.00344,1.0012,1.00273,5869,5,0
2022-08-31 04:00:00,1.00273,1.00446,1.00163,1.004,11808,4,0
2022-08-31 08:00:00,1.00399,1.00459,0.99739,0.99791,36732,3,0
2022-08-31 12:00:00,0.99792,1.0018,0.99712,1.00081,48486,3,0
2022-08-31 16:00:00,1.0008,1.0079,0.99948,1.00532,63090,5,0
2022-08-31 20:00:00,1.00531,1.0057,1.00352,1.00513,19678,5,0
2022-09-01 00:00:00,1.00513,1.00532,1.00198,1.00231,10951,4,0
2022-09-01 04:00:00,1.0023,1.00317,1.0009,1.00141,13232,5,0
2022-09-01 08:00:00,1.00141,1.00487,1.00075,1.00367,39483,4,0
2022-09-01 12:00:00,1.00367,1.00467,0.99856,0.99879,44355,4,0
2022-09-01 16:00:00,0.9988,0.99996,0.99107,0.99365,74797,5,0
2022-09-01 20:00:00,0.99366,0.996,0.99353,0.99433,19785,5,0
2022-09-02 00:00:00,0.99433,0.99584,0.99415,0.99561,5757,5,0
2022-09-02 04:00:00,0.99561,0.99673,0.99534,0.99664,9925,5,0
2022-09-02 08:00:00,0.99665,0.99959,0.99637,0.99726,26285,5,0
2022-09-02 12:00:00,0.99726,1.00293,0.99677,1.00103,58057,4,0
2022-09-02 16:00:00,1.00103,1.00334,0.99617,0.99693,66435,5,0
2022-09-02 20:00:00,0.99693,0.99729,0.9945,0.995,22224,5,0
2022-09-05 00:00:00,0.99215,0.99339,0.99017,0.99155,17345,5,0
2022-09-05 04:00:00,0.99155,0.99245,0.99002,0.9905,19058,3,0
2022-09-05 08:00:00,0.9905,0.99372,0.98776,0.99108,46778,5,0
2022-09-05 12:00:00,0.99109,0.99439,0.99068,0.99234,35444,5,0
2022-09-05 16:00:00,0.99234,0.99347,0.99176,0.99291,19864,5,0
2022-09-05 20:00:00,0.99291,0.99359,0.99153,0.99201,2680,5,0
2022-09-06 00:00:00,0.99201,0.99691,0.99188,0.99682,14083,5,0
2022-09-06 04:00:00,0.99682,0.99707,0.99425,0.99461,17441,5,0
2022-09-06 08:00:00,0.9946,0.99862,0.99445,0.99578,43055,5,0
2022-09-06 12:00:00,0.99578,0.99602,0.98989,0.99002,47080,4,0
2022-09-06 16:00:00,0.99002,0.99289,0.98638,0.99084,70473,5,0
2022-09-06 20:00:00,0.99084,0.99116,0.98952,0.99025,17843,5,0
2022-09-07 00:00:00,0.99025,0.9906,0.98827,0.98904,10112,5,0
2022-09-07 04:00:00,0.98904,0.98963,0.98769,0.98924,22406,4,0
2022-09-07 08:00:00,0.98925,0.99299,0.98871,0.99072,32792,5,0
2022-09-07 12:00:00,0.99072,0.99144,0.98753,0.98927,45573,5,0
2022-09-07 16:00:00,0.98927,0.99754,0.98832,0.99733,54548,5,0
2022-09-07 20:00:00,0.99733,1.00108,0.99711,0.99935,22397,5,0
2022-09-08 00:00:00,0.99903,1.00116,0.99825,0.99851,8927,5,0
2022-09-08 04:00:00,0.99851,0.99945,0.99792,0.99896,14467,5,0
2022-09-08 08:00:00,0.99896,1.00148,0.99759,0.99977,34823,4,0
2022-09-08 12:00:00,0.99977,1.00296,0.99848,1.00001,74511,5,0
2022-09-08 16:00:00,1.00001,1.00014,0.99304,0.99686,97503,5,0
2022-09-08 20:00:00,0.99686,0.99997,0.99645,0.99939,21808,5,0
2022-09-09 00:00:00,0.99946,1.00509,0.99918,1.0044,12073,4,0
2022-09-09 04:00:00,1.0044,1.00841,1.00437,1.00722,22122,5,0
2022-09-09 08:00:00,1.00722,1.01132,1.00583,1.01066,46928,4,0
2022-09-09 12:00:00,1.01065,1.01071,1.00344,1.00444,49937,4,0
2022-09-09 16:00:00,1.00444,1.00625,1.0032,1.00538,50922,5,0
2022-09-09 20:00:00,1.00537,1.00551,1.00305,1.00382,12641,5,0
2022-09-12 00:00:00,1.00992,1.01012,1.00586,1.00701,14324,5,0
2022-09-12 04:00:00,1.00701,1.0095,1.00688,1.00777,16141,5,0
2022-09-12 08:00:00,1.00777,1.01977,1.00774,1.01916,63897,5,0
2022-09-12 12:00:00,1.01915,1.01915,1.01291,1.01414,57576,5,0
2022-09-12 16:00:00,1.01414,1.01441,1.01042,1.01435,50243,5,0
2022-09-12 20:00:00,1.01435,1.01442,1.01108,1.01211,16046,5,0
2022-09-13 00:00:00,1.01211,1.01463,1.01129,1.01351,8233,5,0
2022-09-13 04:00:00,1.0135,1.01377,1.01193,1.01284,12037,5,0
2022-09-13 08:00:00,1.01284,1.0156,1.01268,1.01544,31614,4,0
2022-09-13 12:00:00,1.01544,1.0187,1.00299,1.00371,85843,5,0
2022-09-13 16:00:00,1.00371,1.00426,0.99892,0.99981,82433,5,0
2022-09-13 20:00:00,0.99981,1.0006,0.99652,0.99705,22380,5,0
2022-09-14 00:00:00,0.99667,0.99831,0.9954,0.99788,14627,3,0
2022-09-14 04:00:00,0.99787,1.00008,0.99714,0.99949,22455,5,0
2022-09-14 08:00:00,0.9995,1.001,0.99592,0.99913,55092,5,0
2022-09-14 12:00:00,0.99913,1.00235,0.99799,0.99975,72593,5,0
2022-09-14 16:00:00,0.99975,1.00081,0.99705,0.99971,62226,5,0
2022-09-14 20:00:00,0.99971,0.99997,0.9969,0.99794,17424,5,0
2022-09-15 00:00:00,0.99794,0.99845,0.99713,0.99753,6729,5,0
2022-09-15 04:00:00,0.99753,0.99824,0.99661,0.99678,11502,5,0
2022-09-15 08:00:00,0.99679,0.99953,0.99555,0.99922,33373,5,0
2022-09-15 12:00:00,0.99922,1.00177,0.99688,1.00074,54845,4,0
2022-09-15 16:00:00,1.00074,1.00135,0.99812,1.00054,59385,4,0
2022-09-15 20:00:00,1.00055,1.00152,0.99877,0.99951,18137,5,0
2022-09-16 00:00:00,0.99955,1.00107,0.99859,1.00056,9472,5,0
2022-09-16 04:00:00,1.00056,1.00121,0.99907,0.99955,14516,5,0
2022-09-16 08:00:00,0.99955,0.99984,0.99449,0.99549,51216,5,0
2022-09-16 12:00:00,0.99549,0.99892,0.99531,0.99553,50184,5,0
2022-09-16 16:00:00,0.99553,1.00363,0.99533,1.00067,86052,5,0
2022-09-16 20:00:00,1.00067,1.0015,0.9993,1.00133,19613,5,0
2022-09-19 00:00:00,1.00067,1.00292,1.0004,1.00108,9476,5,0
2022-09-19 04:00:00,1.00109,1.00128,0.99903,0.9992,9983,5,0
2022-09-19 08:00:00,0.99919,0.99936,0.99656,0.99759,32959,4,0
2022-09-19 12:00:00,0.99758,1.00047,0.99669,0.99826,46007,5,0
2022-09-19 16:00:00,0.99827,1.00181,0.99755,1.00121,48994,5,0
2022-09-19 20:00:00,1.00122,1.00274,1.00026,1.00202,12654,5,0
2022-09-20 00:00:00,1.00202,1.00504,1.00199,1.00345,11615,5,0
2022-09-20 04:00:00,1.00345,1.00375,1.00195,1.0022,14654,4,0
2022-09-20 08:00:00,1.0022,1.0042,1.0,1.00098,47786,5,0
2022-09-20 12:00:00,1.00099,1.00185,0.9955,0.99709,57655,4,0
2022-09-20 16:00:00,0.99709,0.99993,0.99589,0.99797,54807,5,0
2022-09-20 20:00:00,0.99797,0.99833,0.99601,0.997,23789,5,0
2022-09-21 00:00:00,0.997,0.99749,0.99572,0.99623,13570,5,0
2022-09-21 04:00:00,0.99623,0.99707,0.9957,0.99598,14012,3,0
2022-09-21 08:00:00,0.99598,0.99683,0.98843,0.99017,69403,3,0
2022-09-21 12:00:00,0.99017,0.99375,0.98954,0.99132,47196,4,0
2022-09-21 16:00:00,0.99132,0.99164,0.98659,0.98695,55823,5,0
2022-09-21 20:00:00,0.98695,0.99101,0.98119,0.98357,136935,5,0
2022-09-22 00:00:00,0.98357,0.98472,0.98068,0.98152,17103,5,0
2022-09-22 04:00:00,0.98154,0.98379,0.98085,0.98284,36903,5,0
2022-09-22 08:00:00,0.98284,0.99074,0.98127,0.98792,109277,5,0
2022-09-22 12:00:00,0.98792,0.98878,0.98551,0.98767,100720,5,0
2022-09-22 16:00:00,0.98766,0.98773,0.98118,0.98394,98298,5,0
2022-09-22 20:00:00,0.98394,0.9852,0.98253,0.98263,24085,5,0
2022-09-23 00:00:00,0.98258,0.98483,0.98254,0.98433,8255,5,0
2022-09-23 04:00:00,0.98433,0.98517,0.98182,0.98228,13190,5,0
2022-09-23 08:00:00,0.98227,0.98379,0.97508,0.9753,63576,5,0
2022-09-23 12:00:00,0.9753,0.97715,0.97362,0.97554,105093,4,0
2022-09-23 16:00:00,0.97555,0.97746,0.97019,0.97071,99840,4,0
2022-09-23 20:00:00,0.97072,0.97184,0.96679,0.96723,45343,5,0
2022-09-26 00:00:00,0.96676,0.97084,0.95492,0.95688,43298,5,0
2022-09-26 04:00:00,0.95685,0.96636,0.95576,0.96282,78448,5,0
2022-09-26 08:00:00,0.96282,0.97013,0.96204,0.9685,100297,4,0
2022-09-26 12:00:00,0.9685,0.96975,0.96187,0.96693,104938,4,0
2022-09-26 16:00:00,0.96692,0.96822,0.96077,0.96213,142072,5,0
2022-09-26 20:00:00,0.96213,0.96274,0.95994,0.96082,54423,5,0
2022-09-27 00:00:00,0.96082,0.96383,0.95828,0.9634,24776,5,0
2022-09-27 04:00:00,0.9634,0.96456,0.96231,0.96363,24991,4,0
2022-09-27 08:00:00,0.96363,0.96706,0.96209,0.96243,64188,5,0
2022-09-27 12:00:00,0.96242,0.96524,0.96064,0.96223,72233,4,0
2022-09-27 16:00:00,0.96224,0.96434,0.95689,0.95811,116271,5,0
2022-09-27 20:00:00,0.95811,0.96009,0.95708,0.95921,30038,4,0
2022-09-28 00:00:00,0.95921,0.96006,0.95676,0.95724,15749,5,0
2022-09-28 04:00:00,0.95723,0.95766,0.95423,0.95506,47574,5,0
2022-09-28 08:00:00,0.95506,0.95883,0.95357,0.9556,77346,4,0
2022-09-28 12:00:00,0.9556,0.96018,0.95375,0.95847,180820,4,0
2022-09-28 16:00:00,0.95847,0.9708,0.95755,0.97019,147276,4,0
2022-09-28 20:00:00,0.97019,0.97507,0.97006,0.97294,45633,5,0
2022-09-29 00:00:00,0.97293,0.97363,0.9689,0.9689,19363,5,0
2022-09-29 04:00:00,0.9689,0.96993,0.96741,0.96855,24405,5,0
2022-09-29 08:00:00,0.96855,0.96876,0.96353,0.96653,77387,4,0
2022-09-29 12:00:00,0.96652,0.97466,0.96637,0.96878,114032,4,0
2022-09-29 16:00:00,0.96878,0.97977,0.96845,0.97761,130045,4,0
2022-09-29 20:00:00,0.97761,0.98156,0.97692,0.98144,40400,5,0
2022-09-30 00:00:00,0.98144,0.98429,0.97899,0.98249,25758,5,0
2022-09-30 04:00:00,0.98249,0.98291,0.97942,0.97989,31686,5,0
2022-09-30 08:00:00,0.9799,0.98536,0.97897,0.98326,84556,4,0
2022-09-30 12:00:00,0.98326,0.9838,0.97343,0.97545,100828,4,0
2022-09-30 16:00:00,0.97545,0.98183,0.97343,0.97898,120112,4,0
2022-09-30 20:00:00,0.97898,0.98155,0.97825,0.97936,30398,4,0
2022-10-03 00:00:00,0.9774,0.98078,0.9774,0.98013,16959,5,0
2022-10-03 04:00:00,0.98014,0.98284,0.9785,0.97851,22921,2,0
2022-10-03 08:00:00,0.97851,0.98345,0.97841,0.98109,75050,5,0
2022-10-03 12:00:00,0.98109,0.98128,0.97526,0.97656,65222,5,0
2022-10-03 16:00:00,0.97655,0.98444,0.97577,0.98077,108352,5,0
2022-10-03 20:00:00,0.98077,0.98287,0.97878,0.9824,37332,3,0
2022-10-04 00:00:00,0.9824,0.9838,0.98177,0.98266,14277,2,0
2022-10-04 04:00:00,0.98266,0.98453,0.98059,0.9833,30869,5,0
2022-10-04 08:00:00,0.9833,0.98957,0.98257,0.98745,68456,4,0
2022-10-04 12:00:00,0.98744,0.99344,0.98524,0.99238,88835,5,0
2022-10-04 16:00:00,0.99238,0.99935,0.99096,0.99698,92667,5,0
2022-10-04 20:00:00,0.99698,0.99994,0.99602,0.99845,47483,4,0
2022-10-05 00:00:00,0.99845,0.99899,0.99699,0.99759,18090,4,0
2022-10-05 04:00:00,0.99758,0.99905,0.99594,0.99659,38941,5,0
2022-10-05 08:00:00,0.9966,0.99947,0.99227,0.99473,59009,4,0
2022-10-05 12:00:00,0.99473,0.99519,0.98919,0.99111,60405,3,0
2022-10-05 16:00:00,0.99111,0.99139,0.98345,0.98629,99227,4,0
2022-10-05 20:00:00,0.98628,0.98967,0.98598,0.98655,34157,4,0
2022-10-06 00:00:00,0.98643,0.99261,0.98638,0.99165,15756,5,0
2022-10-06 04:00:00,0.99165,0.99265,0.99027,0.99207,24036,5,0
2022-10-06 08:00:00,0.99207,0.9926,0.98749,0.98882,68712,5,0
2022-10-06 12:00:00,0.98883,0.99027,0.98555,0.98686,78866,3,0
2022-10-06 16:00:00,0.98685,0.98703,0.9788,0.98023,109975,3,0
2022-10-06 20:00:00,0.98023,0.98168,0.97879,0.97895,47025,2,0
2022-10-07 00:00:00,0.97897,0.97973,0.97843,0.97926,18022,5,0
2022-10-07 04:00:00,0.97927,0.98119,0.97863,0.97914,20328,5,0
2022-10-07 08:00:00,0.97915,0.98168,0.97654,0.98015,60241,5,0
2022-10-07 12:00:00,0.98015,0.9811,0.97256,0.97499,82435,4,0
2022-10-07 16:00:00,0.97499,0.9791,0.97414,0.97608,124731,5,0
2022-10-07 20:00:00,0.97609,0.97693,0.97246,0.97284,34556,5,0
2022-10-10 00:00:00,0.97304,0.97412,0.97243,0.97375,16327,5,0
2022-10-10 04:00:00,0.97374,0.9753,0.9732,0.97395,23524,5,0
2022-10-10 08:00:00,0.97395,0.97432,0.96815,0.96881,54804,5,0
2022-10-10 12:00:00,0.96882,0.9719,0.96868,0.97145,57817,5,0
2022-10-10 16:00:00,0.97144,0.97458,0.96853,0.96917,85481,4,0
2022-10-10 20:00:00,0.96917,0.97236,0.9685,0.96928,33041,5,0
2022-10-11 00:00:00,0.96928,0.97226,0.96927,0.972,15082,5,0
2022-10-11 04:00:00,0.972,0.97209,0.96699,0.96769,34166,5,0
2022-10-11 08:00:00,0.96769,0.97248,0.96744,0.97073,65043,5,0
2022-10-11 12:00:00,0.97073,0.97379,0.96916,0.97196,73488,5,0
2022-10-11 16:00:00,0.97195,0.97746,0.96905,0.97651,94213,5,0
2022-10-11 20:00:00,0.97652,0.97665,0.96935,0.97045,57591,5,0
2022-10-12 00:00:00,0.97045,0.9717,0.969,0.9703,18775,5,0
2022-10-12 04:00:00,0.9703,0.97348,0.96822,0.97144,41583,5,0
2022-10-12 08:00:00,0.97145,0.97327,0.96956,0.97035,79647,4,0
2022-10-12 12:00:00,0.97035,0.97199,0.96868,0.97052,69046,3,0
2022-10-12 16:00:00,0.97052,0.97109,0.96676,0.96835,80553,5,0
2022-10-12 20:00:00,0.96834,0.97202,0.96805,0.97012,40763,5,0
2022-10-13 00:00:00,0.97012,0.9722,0.96973,0.97142,11940,5,0
2022-10-13 04:00:00,0.97143,0.97145,0.96948,0.97037,15459,5,0
2022-10-13 08:00:00,0.97036,0.9714,0.9685,0.97139,40657,4,0
2022-10-13 12:00:00,0.97138,0.97528,0.96314,0.96681,120598,3,0
2022-10-13 16:00:00,0.9668,0.9799,0.9645,0.97743,206553,1,0
2022-10-13 20:00:00,0.97742,0.98059,0.97681,0.97699,58106,5,0
2022-10-14 00:00:00,0.97693,0.97784,0.97615,0.97677,17555,5,0
2022-10-14 04:00:00,0.97677,0.98086,0.97675,0.97816,32770,4,0
2022-10-14 08:00:00,0.97816,0.97969,0.97446,0.97502,70723,4,0
2022-10-14 12:00:00,0.97502,0.9777,0.97088,0.97731,98047,5,0
2022-10-14 16:00:00,0.9773,0.97996,0.97065,0.97175,144964,3,0
2022-10-14 20:00:00,0.97175,0.97318,0.97062,0.97196,34891,5,0
2022-10-17 00:00:00,0.97174,0.97506,0.97167,0.97455,22697,5,0
2022-10-17 04:00:00,0.97454,0.9752,0.97323,0.97365,18974,5,0
2022-10-17 08:00:00,0.97365,0.97569,0.97198,0.97383,60922,5,0
2022-10-17 12:00:00,0.97384,0.97848,0.97294,0.97752,60951,4,0
2022-10-17 16:00:00,0.97751,0.98518,0.97723,0.98389,74361,4,0
2022-10-17 20:00:00,0.98389,0.98508,0.98322,0.98332,26129,5,0
2022-10-18 00:00:00,0.98332,0.98526,0.98283,0.9841,13001,5,0
2022-10-18 04:00:00,0.9841,0.98662,0.9823,0.98571,25238,4,0
2022-10-18 08:00:00,0.9857,0.98734,0.98242,0.98284,54785,4,0
2022-10-18 12:00:00,0.98284,0.98579,0.98124,0.98542,63499,3,0
2022-10-18 16:00:00,0.98542,0.98755,0.98212,0.98558,77186,5,0
2022-10-18 20:00:00,0.98556,0.98627,0.98415,0.98475,33318,5,0
2022-10-19 00:00:00,0.98475,0.98724,0.98465,0.98609,12658,5,0
2022-10-19 04:00:00,0.98609,0.98644,0.9837,0.98397,17296,5,0
2022-10-19 08:00:00,0.98397,0.98438,0.98122,0.98166,50489,4,0
2022-10-19 12:00:00,0.98166,0.98239,0.97592,0.97795,62876,3,0
2022-10-19 16:00:00,0.97795,0.98025,0.97646,0.97656,70780,5,0
2022-10-19 20:00:00,0.97658,0.97783,0.9757,0.97717,29746,5,0
2022-10-20 00:00:00,0.97717,0.97745,0.97583,0.97648,10385,5,0
2022-10-20 04:00:00,0.97648,0.97856,0.97543,0.97782,26612,5,0
2022-10-20 08:00:00,0.97783,0.97945,0.97712,0.97814,59214,5,0
2022-10-20 12:00:00,0.97814,0.98372,0.97728,0.98025,74955,5,0
2022-10-20 16:00:00,0.98025,0.98453,0.97794,0.98023,79700,5,0
2022-10-20 20:00:00,0.98024,0.98025,0.9773,0.97824,28224,5,0
2022-10-21 00:00:00,0.97824,0.97883,0.97678,0.97708,10205,5,0
2022-10-21 04:00:00,0.97708,0.97831,0.97643,0.97709,17530,3,0
2022-10-21 08:00:00,0.97709,0.98022,0.97524,0.9756,43702,4,0
2022-10-21 12:00:00,0.9756,0.97778,0.97046,0.97579,70014,4,0
2022-10-21 16:00:00,0.9758,0.98677,0.97516,0.98388,268972,5,0
2022-10-21 20:00:00,0.98388,0.98691,0.9824,0.98611,44327,5,0
2022-10-24 00:00:00,0.9872,0.98978,0.9831,0.98491,70792,5,0
2022-10-24 04:00:00,0.98489,0.98492,0.98249,0.98475,30899,5,0
2022-10-24 08:00:00,0.98475,0.98617,0.98161,0.98347,68615,5,0
2022-10-24 12:00:00,0.98347,0.98576,0.98067,0.98431,82268,4,0
2022-10-24 16:00:00,0.98432,0.98933,0.98266,0.98704,107028,5,0
2022-10-24 20:00:00,0.98705,0.98807,0.98668,0.98726,15968,5,0
2022-10-25 00:00:00,0.98727,0.98971,0.98613,0.98941,13486,5,0
2022-10-25 04:00:00,0.98941,0.98983,0.98769,0.98787,27872,5,0
2022-10-25 08:00:00,0.98786,0.988,0.98522,0.98569,37836,4,0
2022-10-25 12:00:00,0.9857,0.98754,0.98483,0.98741,42584,5,0
2022-10-25 16:00:00,0.98741,0.99766,0.9873,0.99534,97832,4,0
2022-10-25 20:00:00,0.99534,0.99696,0.99506,0.99608,21774,5,0
2022-10-26 00:00:00,0.996,0.99673,0.99432,0.9947,13647,5,0
2022-10-26 04:00:00,0.9947,0.99607,0.99449,0.99546,18444,5,0
2022-10-26 08:00:00,0.99545,1.00452,0.99514,1.00381,61338,5,0
2022-10-26 12:00:00,1.0038,1.00476,0.99954,1.00043,68707,4,0
2022-10-26 16:00:00,1.00042,1.00835,1.00015,1.00762,93803,5,0
2022-10-26 20:00:00,1.00762,1.00886,1.00668,1.00773,27600,5,0
2022-10-27 00:00:00,1.00772,1.00936,1.00664,1.0078,15429,5,0
2022-10-27 04:00:00,1.0078,1.00841,1.00617,1.00704,21487,5,0
2022-10-27 08:00:00,1.00705,1.00837,1.00542,1.00601,50356,5,0
2022-10-27 12:00:00,1.00601,1.00625,0.9985,1.00061,89802,3,0
2022-10-27 16:00:00,1.00061,1.00437,0.99701,0.99778,131990,5,0
2022-10-27 20:00:00,0.99777,0.99955,0.99575,0.99635,28016,5,0
2022-10-28 00:00:00,0.99632,0.9972,0.99579,0.99666,9448,5,0
2022-10-28 04:00:00,0.99666,0.9998,0.99642,0.99848,23422,5,0
2022-10-28 08:00:00,0.99848,0.99914,0.99262,0.99406,60438,4,0
2022-10-28 12:00:00,0.99408,0.99756,0.99351,0.99689,71523,5,0
2022-10-28 16:00:00,0.9969,0.99899,0.99286,0.99382,77870,5,0
2022-10-28 20:00:00,0.99383,0.99674,0.9934,0.99636,15299,5,0
2022-10-31 00:00:00,0.99447,0.99647,0.99397,0.99589,15226,5,0
2022-10-31 04:00:00,0.99589,0.99655,0.99429,0.99604,12119,5,0
2022-10-31 08:00:00,0.99604,0.99615,0.99141,0.99228,23443,5,0
2022-10-31 12:00:00,0.99227,0.99487,0.99069,0.99089,40410,5,0
2022-10-31 16:00:00,0.99088,0.99155,0.98726,0.98751,60066,5,0
2022-10-31 20:00:00,0.98752,0.98957,0.98729,0.98762,20013,5,0
2022-11-01 00:00:00,0.98766,0.989,0.98711,0.98852,6197,5,0
2022-11-01 04:00:00,0.98852,0.99084,0.98839,0.99049,18531,5,0
2022-11-01 08:00:00,0.99049,0.99479,0.99041,0.99226,41670,5,0
2022-11-01 12:00:00,0.99225,0.99477,0.99151,0.99405,40995,5,0
2022-11-01 16:00:00,0.99406,0.99537,0.98526,0.98609,96105,5,0
2022-11-01 20:00:00,0.98609,0.9886,0.98577,0.9876,16707,5,0
2022-11-02 00:00:00,0.98766,0.98876,0.98687,0.98871,10343,5,0
2022-11-02 04:00:00,0.98871,0.98996,0.98786,0.9884,18925,5,0
2022-11-02 08:00:00,0.9884,0.99066,0.98709,0.99001,29083,5,0
2022-11-02 12:00:00,0.99002,0.99118,0.98843,0.9906,38678,5,0
2022-11-02 16:00:00,0.99061,0.99151,0.98587,0.98673,44184,5,0
2022-11-02 20:00:00,0.98673,0.99758,0.98113,0.98134,132537,5,0
2022-11-03 00:00:00,0.98128,0.98303,0.98095,0.98207,10686,5,0
2022-11-03 04:00:00,0.98207,0.98393,0.98198,0.98342,15534,5,0
2022-11-03 08:00:00,0.98343,0.98357,0.97608,0.97673,36344,4,0
2022-11-03 12:00:00,0.97673,0.97703,0.97299,0.97408,64386,4,0
2022-11-03 16:00:00,0.97407,0.97946,0.97351,0.97479,93314,4,0
2022-11-03 20:00:00,0.97479,0.97613,0.97423,0.97455,19118,5,0
2022-11-04 00:00:00,0.97455,0.97684,0.97412,0.97525,7786,5,0
2022-11-04 04:00:00,0.97526,0.97885,0.97479,0.97863,16594,5,0
2022-11-04 08:00:00,0.97863,0.97964,0.97565,0.97736,39069,5,0
2022-11-04 12:00:00,0.97736,0.98509,0.9749,0.98469,76703,5,0
2022-11-04 16:00:00,0.98469,0.99403,0.98393,0.99148,140278,5,0
2022-11-04 20:00:00,0.99149,0.99664,0.99131,0.99533,36758,4,0
2022-11-07 00:00:00,0.99038,0.99468,0.98993,0.993,23162,5,0
2022-11-07 04:00:00,0.993,0.99552,0.99251,0.99442,18252,5,0
2022-11-07 08:00:00,0.99442,1.00069,0.99238,0.99854,55823,5,0
2022-11-07 12:00:00,0.99855,0.99981,0.99657,0.99937,51967,4,0
2022-11-07 16:00:00,0.99938,1.00264,0.99806,1.00216,67819,5,0
2022-11-07 20:00:00,1.00216,1.00341,1.00148,1.00183,17239,5,0
2022-11-08 00:00:00,1.00177,1.0031,1.00106,1.00139,10816,5,0
2022-11-08 04:00:00,1.00139,1.00156,0.99949,0.99953,13003,5,0
2022-11-08 08:00:00,0.99953,1.00076,0.99713,1.00032,37225,5,0
2022-11-08 12:00:00,1.00032,1.00097,0.9985,0.99994,34353,5,0
2022-11-08 16:00:00,0.99994,1.0094,0.99982,1.00881,65128,5,0
2022-11-08 20:00:00,1.00881,1.00962,1.0054,1.00702,32840,4,0
2022-11-09 00:00:00,1.00695,1.00849,1.00589,1.00628,19492,5,0
2022-11-09 04:00:00,1.00628,1.0088,1.00628,1.00681,20110,5,0
2022-11-09 08:00:00,1.00681,1.00851,1.00399,1.00466,49397,5,0
2022-11-09 12:00:00,1.00466,1.00645,1.00224,1.00284,56651,4,0
2022-11-09 16:00:00,1.00284,1.00868,1.00108,1.00267,90757,3,0
2022-11-09 20:00:00,1.00269,1.00309,0.99926,1.00033,28551,5,0
2022-11-10 00:00:00,1.00033,1.00288,0.99998,1.00235,10600,5,0
2022-11-10 04:00:00,1.00235,1.00381,1.00099,1.00344,16345,3,0
2022-11-10 08:00:00,1.00344,1.00427,0.99592,0.99609,48741,5,0
2022-11-10 12:00:00,0.9961,1.01597,0.99353,1.01222,103212,4,0
2022-11-10 16:00:00,1.01222,1.01852,1.01095,1.01424,166703,3,0
2022-11-10 20:00:00,1.01424,1.02208,1.01424,1.02074,39124,5,0
2022-11-11 00:00:00,1.02073,1.02073,1.01628,1.01661,25989,5,0
2022-11-11 04:00:00,1.01661,1.02229,1.01661,1.02187,33567,4,0
2022-11-11 08:00:00,1.02188,1.02736,1.02077,1.02689,72190,5,0
2022-11-11 12:00:00,1.02689,1.03241,1.02539,1.03117,84527,4,0
2022-11-11 16:00:00,1.03118,1.0345,1.02656,1.03419,97178,3,0
2022-11-11 20:00:00,1.03419,1.0364,1.03348,1.03354,27034,4,0
2022-11-14 00:00:00,1.03322,1.03501,1.03134,1.03271,33344,5,0
2022-11-14 04:00:00,1.03272,1.03343,1.02976,1.03001,25269,4,0
2022-11-14 08:00:00,1.03002,1.03503,1.03001,1.03122,52261,4,0
2022-11-14 12:00:00,1.03122,1.03359,1.02712,1.03176,66804,5,0
2022-11-14 16:00:00,1.03176,1.0351,1.02972,1.03354,71236,5,0
2022-11-14 20:00:00,1.03354,1.03583,1.03239,1.03251,21588,5,0
2022-11-15 00:00:00,1.03251,1.03294,1.03118,1.03192,15297,5,0
2022-11-15 04:00:00,1.03193,1.03349,1.03134,1.03318,18005,4,0
2022-11-15 08:00:00,1.03318,1.04177,1.03276,1.04005,64717,5,0
2022-11-15 12:00:00,1.04005,1.04816,1.0392,1.04381,97720,4,0
2022-11-15 16:00:00,1.04382,1.04443,1.03476,1.03846,124827,4,0
2022-11-15 20:00:00,1.03846,1.03886,1.02796,1.03475,113082,5,0
2022-11-16 00:00:00,1.03475,1.03609,1.03305,1.03435,30290,5,0
2022-11-16 04:00:00,1.03436,1.03871,1.03374,1.03734,41202,4,0
2022-11-16 08:00:00,1.03734,1.0425200000000001,1.03656,1.04197,63478,5,0
2022-11-16 12:00:00,1.04198,1.04385,1.03839,1.03907,71043,4,0
2022-11-16 16:00:00,1.03907,1.04124,1.03713,1.03837,85847,5,0
2022-11-16 20:00:00,1.03836,1.04045,1.03544,1.03928,26867,5,0
2022-11-17 00:00:00,1.03928,1.0398,1.0374,1.03772,13511,5,0
2022-11-17 04:00:00,1.03772,1.03834,1.03593,1.03801,17767,5,0
2022-11-17 08:00:00,1.03801,1.04065,1.03565,1.03634,45056,5,0
2022-11-17 12:00:00,1.03635,1.03701,1.03105,1.0312,84443,5,0
2022-11-17 16:00:00,1.0312,1.03566,1.0305,1.03499,68404,4,0
2022-11-17 20:00:00,1.03498,1.03694,1.0348,1.03586,19965,5,0
2022-11-18 00:00:00,1.03589,1.03778,1.03568,1.03673,13423,5,0
2022-11-18 04:00:00,1.03673,1.03907,1.03611,1.03715,17339,5,0
2022-11-18 08:00:00,1.03715,1.03957,1.0342,1.03815,46089,5,0
2022-11-18 12:00:00,1.03815,1.03865,1.03564,1.03643,44269,4,0
2022-11-18 16:00:00,1.03645,1.03715,1.0326,1.03331,50915,5,0
2022-11-18 20:00:00,1.03331,1.03371,1.03124,1.03186,16441,5,0
2022-11-21 00:00:00,1.03207,1.03329,1.03002,1.03116,13810,5,0
2022-11-21 04:00:00,1.03115,1.03117,1.0272,1.02822,21042,5,0
2022-11-21 08:00:00,1.02822,1.02867,1.0226,1.02267,45910,5,0
2022-11-21 12:00:00,1.02268,1.02558,1.02261,1.02542,40924,4,0
2022-11-21 16:00:00,1.02542,1.02624,1.02223,1.02323,48150,5,0
2022-11-21 20:00:00,1.02323,1.02483,1.02301,1.02396,20843,5,0
2022-11-22 00:00:00,1.02396,1.02681,1.02373,1.02604,12669,4,0
2022-11-22 04:00:00,1.02604,1.02674,1.02455,1.02534,12879,4,0
2022-11-22 08:00:00,1.02534,1.02861,1.02459,1.02685,39325,5,0
2022-11-22 12:00:00,1.02684,1.02909,1.02558,1.02603,42547,4,0
2022-11-22 16:00:00,1.02603,1.02957,1.02538,1.02957,40431,4,0
2022-11-22 20:00:00,1.02957,1.0308,1.02894,1.03023,11718,5,0
2022-11-23 00:00:00,1.03023,1.03209,1.02939,1.03108,9987,5,0
2022-11-23 04:00:00,1.03106,1.03308,1.03078,1.03271,10078,5,0
2022-11-23 08:00:00,1.0327,1.0348600000000001,1.03019,1.0325,34267,5,0
2022-11-23 12:00:00,1.0325,1.03404,1.02963,1.03315,38627,4,0
2022-11-23 16:00:00,1.03316,1.03837,1.03265,1.03635,68688,5,0
2022-11-23 20:00:00,1.03635,1.04049,1.03592,1.03941,33962,5,0
2022-11-24 00:00:00,1.03949,1.04249,1.03889,1.04231,12753,5,0
2022-11-24 04:00:00,1.04233,1.04484,1.0417399999999999,1.04337,12667,5,0
2022-11-24 08:00:00,1.04337,1.04395,1.03998,1.0419,33519,5,0
2022-11-24 12:00:00,1.0419100000000001,1.0429,1.03816,1.04229,38305,5,0
2022-11-24 16:00:00,1.04229,1.04274,1.04014,1.04087,24838,5,0
2022-11-24 20:00:00,1.04087,1.04143,1.0401,1.04027,3812,5,0
2022-11-25 00:00:00,1.0403,1.04151,1.0396,1.04092,10040,5,0
2022-11-25 04:00:00,1.04092,1.04292,1.04043,1.0411,12647,5,0
2022-11-25 08:00:00,1.0411,1.04283,1.0382,1.03931,32551,5,0
2022-11-25 12:00:00,1.03931,1.04215,1.03609,1.03723,34638,5,0
2022-11-25 16:00:00,1.03724,1.04116,1.03544,1.04057,38449,5,0
2022-11-25 20:00:00,1.04057,1.04144,1.03836,1.0385,18375,5,0
2022-11-28 00:00:00,1.03654,1.03839,1.0341,1.03482,16829,5,0
2022-11-28 04:00:00,1.03482,1.03648,1.03431,1.03507,18144,5,0
2022-11-28 08:00:00,1.03507,1.04566,1.03479,1.04475,54434,5,0
2022-11-28 12:00:00,1.04476,1.04968,1.04388,1.04627,59526,5,0
2022-11-28 16:00:00,1.04627,1.04627,1.03684,1.03695,67444,5,0
2022-11-28 20:00:00,1.03695,1.0373,1.033,1.03365,20625,5,0
2022-11-29 00:00:00,1.03372,1.03623,1.03339,1.03595,13621,5,0
2022-11-29 04:00:00,1.03594,1.0394,1.0346899999999999,1.03865,20488,5,0
2022-11-29 08:00:00,1.03865,1.03926,1.03506,1.03645,51058,5,0
2022-11-29 12:00:00,1.03645,1.03933,1.03244,1.03299,50783,5,0
2022-11-29 16:00:00,1.033,1.03729,1.03254,1.034,64936,5,0
2022-11-29 20:00:00,1.034,1.03461,1.03197,1.03263,19944,4,0
2022-11-30 00:00:00,1.0326,1.03529,1.03189,1.03478,16326,5,0
2022-11-30 04:00:00,1.03478,1.03607,1.034,1.03483,12413,4,0
2022-11-30 08:00:00,1.03482,1.03812,1.03355,1.03579,35096,5,0
2022-11-30 12:00:00,1.0358,1.03923,1.03464,1.03588,49629,4,0
2022-11-30 16:00:00,1.03587,1.03998,1.02901,1.03147,93229,5,0
2022-11-30 20:00:00,1.03147,1.04284,1.0306,1.04041,91900,4,0
2022-12-01 00:00:00,1.04041,1.04478,1.03975,1.04258,24891,5,0
2022-12-01 04:00:00,1.04258,1.04511,1.04186,1.04455,20232,5,0
2022-12-01 08:00:00,1.04455,1.04639,1.03931,1.04411,60620,5,0
2022-12-01 12:00:00,1.04411,1.05136,1.04175,1.04892,64168,3,0
2022-12-01 16:00:00,1.04892,1.0534,1.04693,1.05072,110867,5,0
2022-12-01 20:00:00,1.05071,1.05299,1.04959,1.05073,28929,5,0
2022-12-02 00:00:00,1.05072,1.05393,1.05061,1.05131,14113,5,0
2022-12-02 04:00:00,1.05131,1.05284,1.05048,1.05229,15023,5,0
2022-12-02 08:00:00,1.05229,1.0545,1.05126,1.05298,49693,5,0
2022-12-02 12:00:00,1.05298,1.05447,1.04281,1.04621,79875,5,0
2022-12-02 16:00:00,1.04622,1.05339,1.04448,1.0525,99575,4,0
2022-12-02 20:00:00,1.05251,1.05409,1.05104,1.05397,19546,5,0
2022-12-05 00:00:00,1.05279,1.05743,1.05279,1.05678,17179,5,0
2022-12-05 04:00:00,1.05679,1.05846,1.05573,1.05829,13435,5,0
2022-12-05 08:00:00,1.0582799999999999,1.0582799999999999,1.05301,1.0559,39419,5,0
2022-12-05 12:00:00,1.05589,1.05947,1.05192,1.05656,45497,5,0
2022-12-05 16:00:00,1.05655,1.05683,1.049,1.04952,81555,5,0
2022-12-05 20:00:00,1.04952,1.0506,1.048,1.04843,16796,5,0
2022-12-06 00:00:00,1.04836,1.05188,1.0482,1.05101,10578,5,0
2022-12-06 04:00:00,1.05102,1.05149,1.0483,1.04936,22578,5,0
2022-12-06 08:00:00,1.04936,1.05093,1.04754,1.0493999999999999,44628,5,0
2022-12-06 12:00:00,1.0493999999999999,1.05327,1.04913,1.05132,41178,4,0
2022-12-06 16:00:00,1.05133,1.05288,1.04792,1.0482,66028,4,0
2022-12-06 20:00:00,1.0482,1.04824,1.04592,1.04602,17189,5,0
2022-12-07 00:00:00,1.04593,1.0474,1.0455,1.04726,11800,5,0
2022-12-07 04:00:00,1.04726,1.04763,1.04578,1.04663,13671,5,0
2022-12-07 08:00:00,1.04664,1.04841,1.04431,1.04757,44578,5,0
2022-12-07 12:00:00,1.04758,1.0547,1.04724,1.05422,57001,3,0
2022-12-07 16:00:00,1.05422,1.05495,1.04879,1.05178,85821,3,0
2022-12-07 20:00:00,1.05178,1.05285,1.05023,1.05038,17916,4,0
2022-12-08 00:00:00,1.05037,1.0515,1.04946,1.05014,14025,5,0
2022-12-08 04:00:00,1.05015,1.05071,1.04936,1.05035,12566,4,0
2022-12-08 08:00:00,1.05035,1.05309,1.04892,1.04944,29992,5,0
2022-12-08 12:00:00,1.04945,1.0532,1.04905,1.05202,39276,4,0
2022-12-08 16:00:00,1.05202,1.05647,1.0517,1.0544,51794,5,0
2022-12-08 20:00:00,1.0544,1.05635,1.05381,1.05535,18274,5,0
2022-12-09 00:00:00,1.05539,1.05851,1.05432,1.05789,18261,5,0
2022-12-09 04:00:00,1.0579,1.05868,1.0566,1.05768,17038,5,0
2022-12-09 08:00:00,1.05768,1.05883,1.05463,1.05569,38013,4,0
2022-12-09 12:00:00,1.05571,1.05686,1.0502,1.05385,71089,4,0
2022-12-09 16:00:00,1.05385,1.05574,1.05188,1.05453,73188,5,0
2022-12-09 20:00:00,1.05453,1.05558,1.05276,1.05323,14948,5,0
2022-12-12 00:00:00,1.05269,1.05372,1.05057,1.0512299999999999,14844,5,0
2022-12-12 04:00:00,1.0512299999999999,1.052,1.05061,1.05161,11006,5,0
2022-12-12 08:00:00,1.05161,1.05647,1.05085,1.05592,36433,5,0
2022-12-12 12:00:00,1.05593,1.05773,1.05532,1.05713,31785,4,0
2022-12-12 16:00:00,1.05714,1.05799,1.05174,1.05339,52096,5,0
2022-12-12 20:00:00,1.05339,1.05376,1.05104,1.0528,22332,5,0
2022-12-13 00:00:00,1.05278,1.05493,1.05271,1.05464,8454,5,0
2022-12-13 04:00:00,1.05464,1.0554,1.0531,1.05507,12682,5,0
2022-12-13 08:00:00,1.05508,1.05608,1.05309,1.05427,37344,5,0
2022-12-13 12:00:00,1.05427,1.06617,1.05278,1.06463,67588,5,0
2022-12-13 16:00:00,1.06463,1.06731,1.06106,1.06143,51452,5,0
2022-12-13 20:00:00,1.06144,1.06408,1.06102,1.06313,15547,5,0
2022-12-14 00:00:00,1.06312,1.0639,1.06206,1.06344,9182,5,0
2022-12-14 04:00:00,1.06344,1.06383,1.06196,1.06258,6682,5,0
2022-12-14 08:00:00,1.06259,1.06648,1.06189,1.06621,19977,5,0
2022-12-14 12:00:00,1.06621,1.06719,1.06359,1.06463,21763,5,0
2022-12-14 16:00:00,1.06462,1.06673,1.06314,1.06512,24806,5,0
2022-12-14 20:00:00,1.06512,1.0695000000000001,1.06205,1.06809,47446,5,0
2022-12-15 00:00:00,1.06809,1.06826,1.06596,1.06624,6906,5,0
2022-12-15 04:00:00,1.06626,1.0665,1.06455,1.06583,7713,5,0
2022-12-15 08:00:00,1.06583,1.06607,1.06056,1.06215,19773,5,0
2022-12-15 12:00:00,1.06215,1.06681,1.06066,1.06523,26279,4,0
2022-12-15 16:00:00,1.06523,1.07359,1.05927,1.05988,47198,2,0
2022-12-15 20:00:00,1.0599,1.06381,1.05921,1.0626,11432,5,0
2022-12-16 00:00:00,1.0626,1.0647,1.06179,1.06415,7718,5,0
2022-12-16 04:00:00,1.06416,1.06623,1.06405,1.06454,8050,5,0
2022-12-16 08:00:00,1.0645,1.0663,1.06099,1.06114,20335,4,0
2022-12-16 12:00:00,1.06114,1.06394,1.06093,1.06338,18374,3,0
2022-12-16 16:00:00,1.06341,1.06487,1.05974,1.0605,35557,4,0
2022-12-16 20:00:00,1.0605,1.06172,1.05838,1.05882,9812,5,0
2022-12-19 00:00:00,1.05846,1.06064,1.05817,1.06062,8608,5,0
2022-12-19 04:00:00,1.06062,1.0613,1.06013,1.06073,6306,5,0
2022-12-19 08:00:00,1.06072,1.06578,1.06034,1.0617,18541,5,0
2022-12-19 12:00:00,1.06177,1.0635,1.05971,1.0606,18018,5,0
2022-12-19 16:00:00,1.06062,1.06309,1.05756,1.06247,23574,4,0
2022-12-19 20:00:00,1.06247,1.06261,1.06005,1.06058,10054,4,0
2022-12-20 00:00:00,1.06054,1.06125,1.05976,1.06051,6620,5,0
2022-12-20 04:00:00,1.06052,1.06518,1.05786,1.05863,30559,5,0
2022-12-20 08:00:00,1.05863,1.06379,1.0582799999999999,1.0637,32128,5,0
2022-12-20 12:00:00,1.06369,1.06459,1.05939,1.06154,22020,5,0
2022-12-20 16:00:00,1.06153,1.06586,1.05981,1.06147,33152,5,0
2022-12-20 20:00:00,1.06146,1.0628,1.05991,1.06232,10236,5,0
2022-12-21 00:00:00,1.06232,1.0628,1.06135,1.06198,7994,5,0
2022-12-21 04:00:00,1.06198,1.06257,1.06068,1.06173,7243,5,0
2022-12-21 08:00:00,1.06173,1.06372,1.06094,1.06145,15404,5,0
2022-12-21 12:00:00,1.06144,1.06452,1.06044,1.06285,17629,5,0
2022-12-21 16:00:00,1.06284,1.06331,1.05902,1.06002,25573,5,0
2022-12-21 20:00:00,1.06003,1.06198,1.05929,1.06026,9723,5,0
2022-12-22 00:00:00,1.0603,1.06297,1.0603,1.06293,6696,5,0
2022-12-22 04:00:00,1.06292,1.06483,1.06254,1.064,8673,5,0
2022-12-22 08:00:00,1.06398,1.06591,1.0626,1.06461,14783,5,0
2022-12-22 12:00:00,1.06461,1.06561,1.06033,1.0611,19974,5,0
2022-12-22 16:00:00,1.0611,1.06183,1.0582,1.0584,25888,4,0
2022-12-22 20:00:00,1.0584,1.0603,1.05732,1.05929,10863,5,0
2022-12-23 00:00:00,1.05929,1.0604,1.05865,1.06017,5913,5,0
2022-12-23 04:00:00,1.0602,1.0612,1.06018,1.06034,5398,5,0
2022-12-23 08:00:00,1.06035,1.06304,1.0596,1.06096,12451,5,0
2022-12-23 12:00:00,1.06097,1.06328,1.05945,1.06078,19193,5,0
2022-12-23 16:00:00,1.06078,1.06319,1.05921,1.06199,30603,5,0
2022-12-23 20:00:00,1.06199,1.06229,1.06057,1.06157,7399,5,0
2022-12-27 00:00:00,1.0635,1.06532,1.06289,1.06517,7192,5,0
2022-12-27 04:00:00,1.06518,1.06603,1.06353,1.06552,6187,5,0
2022-12-27 08:00:00,1.06552,1.06677,1.06381,1.06604,11922,5,0
2022-12-27 12:00:00,1.06604,1.06694,1.06194,1.06275,13835,5,0
2022-12-27 16:00:00,1.06271,1.06602,1.06113,1.06372,18397,5,0
2022-12-27 20:00:00,1.06372,1.06562,1.0635,1.06382,8368,5,0
2022-12-28 00:00:00,1.06383,1.0642800000000001,1.06247,1.06418,4697,5,0
2022-12-28 04:00:00,1.06418,1.06467,1.06319,1.06459,5552,5,0
2022-12-28 08:00:00,1.06459,1.06544,1.06278,1.06369,12049,5,0
2022-12-28 12:00:00,1.06369,1.06575,1.06291,1.06415,14694,5,0
2022-12-28 16:00:00,1.06415,1.06743,1.06114,1.06288,23117,5,0
2022-12-28 20:00:00,1.06288,1.06355,1.06055,1.06108,8876,5,0
2022-12-29 00:00:00,1.06108,1.06372,1.06068,1.06278,6583,5,0
2022-12-29 04:00:00,1.06277,1.06326,1.06187,1.06245,4446,5,0
2022-12-29 08:00:00,1.06248,1.06581,1.06109,1.0656,11417,4,0
2022-12-29 12:00:00,1.06561,1.06669,1.06314,1.06549,15877,5,0
2022-12-29 16:00:00,1.06549,1.06902,1.06363,1.06817,24617,5,0
2022-12-29 20:00:00,1.06819,1.06832,1.06591,1.066,10494,5,0
2022-12-30 00:00:00,1.06599,1.06694,1.06541,1.06603,4517,5,0
2022-12-30 04:00:00,1.06603,1.06631,1.0642,1.06436,5005,4,0
2022-12-30 08:00:00,1.06431,1.06743,1.06382,1.06546,14305,5,0
2022-12-30 12:00:00,1.06545,1.06988,1.06451,1.06686,18122,5,0
2022-12-30 16:00:00,1.06686,1.07113,1.0659,1.07105,30851,5,0
2022-12-30 20:00:00,1.07104,1.07128,1.06867,1.06987,15550,5,0
2023-01-02 00:00:00,1.06906,1.07067,1.06849,1.06884,640,19,0
2023-01-02 04:00:00,1.06882,1.07029,1.06772,1.06904,887,5,0
2023-01-02 08:00:00,1.06907,1.06992,1.06625,1.06786,6871,5,0
2023-01-02 12:00:00,1.06786,1.06896,1.06741,1.0678,4473,5,0
2023-01-02 16:00:00,1.0678,1.06818,1.06513,1.06599,5404,5,0
2023-01-02 20:00:00,1.06599,1.06696,1.06505,1.06639,2606,5,0
2023-01-03 00:00:00,1.06639,1.06829,1.06501,1.06597,10829,5,0
2023-01-03 04:00:00,1.06597,1.06801,1.06575,1.06633,10030,5,0
2023-01-03 08:00:00,1.06633,1.06676,1.05338,1.05472,31364,5,0
2023-01-03 12:00:00,1.05473,1.05698,1.05194,1.056,26302,5,0
2023-01-03 16:00:00,1.05602,1.05972,1.05369,1.0546,34115,4,0
2023-01-03 20:00:00,1.05461,1.05686,1.0543,1.05461,12530,5,0
2023-01-04 00:00:00,1.05462,1.05694,1.05406,1.05667,11805,5,0
2023-01-04 04:00:00,1.05666,1.0578400000000001,1.05613,1.0569,7663,5,0
2023-01-04 08:00:00,1.05691,1.06352,1.05594,1.06106,27658,5,0
2023-01-04 12:00:00,1.06106,1.06242,1.05947,1.06104,19135,5,0
2023-01-04 16:00:00,1.06105,1.06283,1.0581,1.06072,33691,5,0
2023-01-04 20:00:00,1.06072,1.06126,1.05851,1.0602,17247,4,0
2023-01-05 00:00:00,1.06018,1.06311,1.05985,1.06202,9254,5,0
2023-01-05 04:00:00,1.06201,1.06201,1.06014,1.06105,7675,4,0
2023-01-05 08:00:00,1.06106,1.06288,1.05899,1.06229,18336,4,0
2023-01-05 12:00:00,1.06232,1.06259,1.05512,1.05522,23299,4,0
2023-01-05 16:00:00,1.05521,1.05672,1.05148,1.05298,36069,5,0
2023-01-05 20:00:00,1.05298,1.0543,1.05144,1.05207,13972,5,0
2023-01-06 00:00:00,1.05211,1.05326,1.05168,1.0525,5785,5,0
2023-01-06 04:00:00,1.05249,1.05363,1.05105,1.05142,7602,5,0
2023-01-06 08:00:00,1.05143,1.0531,1.04964,1.0507,18221,5,0
2023-01-06 12:00:00,1.05073,1.05449,1.04819,1.05425,27930,5,0
2023-01-06 16:00:00,1.05424,1.06379,1.05008,1.06374,46381,5,0
2023-01-06 20:00:00,1.06374,1.06479,1.06294,1.06418,10893,5,0
2023-01-09 00:00:00,1.06396,1.06721,1.0636,1.06666,8813,5,0
2023-01-09 04:00:00,1.06666,1.06828,1.0666,1.0677,8467,5,0
2023-01-09 08:00:00,1.06769,1.06995,1.066,1.06718,20985,4,0
2023-01-09 12:00:00,1.06723,1.07315,1.06614,1.0725,19940,5,0
2023-01-09 16:00:00,1.07251,1.0760399999999999,1.07113,1.075,26697,5,0
2023-01-09 20:00:00,1.075,1.07538,1.0727,1.07278,12190,5,0
2023-01-10 00:00:00,1.07278,1.07396,1.07204,1.0735999999999999,9731,5,0
2023-01-10 04:00:00,1.0735999999999999,1.07439,1.07211,1.07425,8658,4,0
2023-01-10 08:00:00,1.07425,1.07515,1.07218,1.07458,18953,4,0
2023-01-10 12:00:00,1.07458,1.07458,1.0712,1.07214,15983,5,0
2023-01-10 16:00:00,1.07214,1.07592,1.07213,1.07332,34065,4,0
2023-01-10 20:00:00,1.07332,1.07439,1.07276,1.07318,8682,5,0
2023-01-11 00:00:00,1.07318,1.07452,1.07248,1.07309,8314,5,0
2023-01-11 04:00:00,1.07306,1.07567,1.07264,1.07474,5824,4,0
2023-01-11 08:00:00,1.07474,1.07574,1.07253,1.07414,15032,5,0
2023-01-11 12:00:00,1.07414,1.0755,1.0728,1.07497,15698,3,0
2023-01-11 16:00:00,1.07497,1.07761,1.07361,1.07465,22475,4,0
2023-01-11 20:00:00,1.07465,1.07709,1.07348,1.07561,10097,5,0
2023-01-12 00:00:00,1.07561,1.07744,1.07468,1.07664,10184,5,0
2023-01-12 04:00:00,1.07663,1.0775,1.07613,1.07625,5557,5,0
2023-01-12 08:00:00,1.07625,1.07732,1.07426,1.07652,15280,5,0
2023-01-12 12:00:00,1.07652,1.08382,1.07263,1.08287,32891,4,0
2023-01-12 16:00:00,1.08292,1.08488,1.07513,1.08485,53049,5,0
2023-01-12 20:00:00,1.08485,1.08668,1.08392,1.08512,16481,5,0
2023-01-13 00:00:00,1.08513,1.08678,1.08347,1.08555,9504,5,0
2023-01-13 04:00:00,1.08556,1.0856,1.08314,1.08371,9669,5,0
2023-01-13 08:00:00,1.08372,1.08641,1.08328,1.08422,20920,5,0
2023-01-13 12:00:00,1.08423,1.08516,1.07925,1.07932,21625,5,0
2023-01-13 16:00:00,1.07935,1.08384,1.07803,1.08278,31084,5,0
2023-01-13 20:00:00,1.08279,1.08351,1.08179,1.08315,7943,5,0
2023-01-16 00:00:00,1.08276,1.0872,1.08201,1.08678,9302,5,0
2023-01-16 04:00:00,1.08678,1.08739,1.08506,1.08603,7369,5,0
2023-01-16 08:00:00,1.08603,1.0860400000000001,1.08012,1.08208,16821,4,0
2023-01-16 12:00:00,1.08209,1.08364,1.08058,1.08155,12106,5,0
2023-01-16 16:00:00,1.08155,1.08289,1.08115,1.08134,8597,5,0
2023-01-16 20:00:00,1.08134,1.08234,1.08107,1.0820400000000001,1520,5,0
2023-01-17 00:00:00,1.0820400000000001,1.08335,1.08138,1.0817,7417,5,0
2023-01-17 04:00:00,1.08169,1.08328,1.0806,1.08307,7111,5,0
2023-01-17 08:00:00,1.0830899999999999,1.08386,1.08108,1.08173,17236,4,0
2023-01-17 12:00:00,1.08174,1.08578,1.08088,1.08423,20127,5,0
2023-01-17 16:00:00,1.08424,1.08691,1.07742,1.07819,33280,5,0
2023-01-17 20:00:00,1.07819,1.08035,1.07797,1.07865,8557,5,0
2023-01-18 00:00:00,1.0787,1.0796000000000001,1.07822,1.07959,6083,5,0
2023-01-18 04:00:00,1.07959,1.07991,1.0766,1.07795,18527,5,0
2023-01-18 08:00:00,1.07795,1.08715,1.07794,1.08696,26204,5,0
2023-01-18 12:00:00,1.08696,1.08698,1.08116,1.08583,25994,5,0
2023-01-18 16:00:00,1.08582,1.08871,1.0787,1.07958,38403,5,0
2023-01-18 20:00:00,1.0796000000000001,1.07991,1.07867,1.07929,11348,5,0
2023-01-19 00:00:00,1.07929,1.07982,1.07821,1.07875,8147,5,0
2023-01-19 04:00:00,1.07878,1.08053,1.07821,1.07914,7233,4,0
2023-01-19 08:00:00,1.07914,1.08291,1.07823,1.08245,16999,5,0
2023-01-19 12:00:00,1.08245,1.0838,1.07954,1.08094,22154,4,0
2023-01-19 16:00:00,1.08092,1.0824799999999999,1.07833,1.08162,26206,4,0
2023-01-19 20:00:00,1.08162,1.08397,1.08128,1.08298,11844,5,0
2023-01-20 00:00:00,1.08298,1.08439,1.08257,1.08359,5093,5,0
2023-01-20 04:00:00,1.0836,1.08439,1.08247,1.08349,6659,5,0
2023-01-20 08:00:00,1.08349,1.08587,1.08206,1.08308,16031,5,0
2023-01-20 12:00:00,1.08308,1.08472,1.0802100000000001,1.08062,18871,5,0
2023-01-20 16:00:00,1.08063,1.08477,1.08043,1.08436,23402,5,0
2023-01-20 20:00:00,1.08436,1.08583,1.08336,1.08546,9761,5,0
2023-01-23 00:00:00,1.08671,1.08994,1.08599,1.08948,6807,5,0
2023-01-23 04:00:00,1.08948,1.09029,1.08888,1.08917,5017,5,0
2023-01-23 08:00:00,1.08919,1.09267,1.08871,1.09115,16699,4,0
2023-01-23 12:00:00,1.09115,1.09152,1.08531,1.08588,17701,4,0
2023-01-23 16:00:00,1.08586,1.08756,1.08462,1.08622,20650,5,0
2023-01-23 20:00:00,1.08622,1.08729,1.08474,1.08704,8968,5,0
2023-01-24 00:00:00,1.08704,1.08823,1.08672,1.08808,4255,5,0
2023-01-24 04:00:00,1.08808,1.08828,1.08693,1.08782,3686,5,0
2023-01-24 08:00:00,1.08782,1.08979,1.08516,1.08607,14506,5,0
2023-01-24 12:00:00,1.08603,1.08807,1.08519,1.08657,14797,5,0
2023-01-24 16:00:00,1.08656,1.08868,1.0835,1.0883099999999999,27784,5,0
2023-01-24 20:00:00,1.0883,1.08887,1.08739,1.08847,6366,5,0
2023-01-25 00:00:00,1.08847,1.0894,1.08777,1.08929,5648,5,0
2023-01-25 04:00:00,1.0893,1.09027,1.08917,1.08973,4934,4,0
2023-01-25 08:00:00,1.08974,1.09111,1.08674,1.08811,14531,5,0
2023-01-25 12:00:00,1.08811,1.08847,1.08572,1.08718,14975,5,0
2023-01-25 16:00:00,1.08718,1.09234,1.08684,1.0899,26470,5,0
2023-01-25 20:00:00,1.08992,1.0918,1.08992,1.09139,7404,5,0
2023-01-26 00:00:00,1.09139,1.09245,1.09066,1.09191,4613,5,0
2023-01-26 04:00:00,1.09191,1.09215,1.0909,1.09185,4593,5,0
2023-01-26 08:00:00,1.09183,1.09294,1.08924,1.08955,13436,5,0
2023-01-26 12:00:00,1.08954,1.09082,1.08725,1.09024,16180,4,0
2023-01-26 16:00:00,1.09024,1.09173,1.08505,1.08645,27470,4,0
2023-01-26 20:00:00,1.08645,1.08937,1.08633,1.08908,6590,5,0
2023-01-27 00:00:00,1.08913,1.09001,1.08853,1.08893,4795,5,0
2023-01-27 04:00:00,1.08893,1.08899,1.08654,1.0873599999999999,4472,5,0
2023-01-27 08:00:00,1.08735,1.0892,1.08654,1.08837,10317,5,0
2023-01-27 12:00:00,1.08836,1.08952,1.08593,1.0862,12541,4,0
2023-01-27 16:00:00,1.08619,1.08789,1.08376,1.08663,25454,5,0
2023-01-27 20:00:00,1.08663,1.08727,1.08562,1.08658,5917,5,0
2023-01-30 00:00:00,1.0863,1.08754,1.08589,1.08732,4879,5,0
2023-01-30 04:00:00,1.08732,1.08792,1.08639,1.08689,7252,5,0
2023-01-30 08:00:00,1.08687,1.09037,1.08528,1.09017,15617,5,0
2023-01-30 12:00:00,1.09017,1.09135,1.08859,1.08861,15334,4,0
2023-01-30 16:00:00,1.08862,1.08994,1.08573,1.08576,21395,2,0
2023-01-30 20:00:00,1.08576,1.08605,1.08391,1.0848200000000001,8465,5,0
2023-01-31 00:00:00,1.0848200000000001,1.086,1.0846,1.08574,6074,3,0
2023-01-31 04:00:00,1.08574,1.08589,1.0832600000000001,1.08345,4757,5,0
2023-01-31 08:00:00,1.08345,1.08495,1.08019,1.08294,16462,5,0
2023-01-31 12:00:00,1.08294,1.08631,1.08201,1.0851,19150,5,0
2023-01-31 16:00:00,1.0851,1.08676,1.08333,1.08651,24977,5,0
2023-01-31 20:00:00,1.08651,1.08747,1.08598,1.08611,6058,5,0
2023-02-01 00:00:00,1.086,1.08653,1.08567,1.08571,3708,5,0
2023-02-01 04:00:00,1.08571,1.08748,1.0852,1.08716,4001,5,0
2023-02-01 08:00:00,1.08715,1.08883,1.08656,1.08833,12921,5,0
2023-02-01 12:00:00,1.08829,1.09099,1.08792,1.09039,13820,5,0
2023-02-01 16:00:00,1.09039,1.09246,1.08883,1.09076,22822,5,0
2023-02-01 20:00:00,1.09076,1.10009,1.08886,1.09876,41605,5,0
2023-02-02 00:00:00,1.09876,1.10327,1.09837,1.10132,11272,5,0
2023-02-02 04:00:00,1.10128,1.10253,1.10119,1.102,7273,5,0
2023-02-02 08:00:00,1.102,1.10215,1.09888,1.09986,16120,5,0
2023-02-02 12:00:00,1.09986,1.10041,1.09438,1.09451,29534,4,0
2023-02-02 16:00:00,1.09452,1.09663,1.08852,1.09084,39264,5,0
2023-02-02 20:00:00,1.09084,1.09226,1.0905,1.09085,13346,5,0
2023-02-03 00:00:00,1.0908,1.09112,1.0891,1.08935,5329,5,0
2023-02-03 04:00:00,1.08936,1.08981,1.08869,1.08935,4866,4,0
2023-02-03 08:00:00,1.08935,1.0930900000000001,1.08817,1.09298,15037,5,0
2023-02-03 12:00:00,1.09298,1.09399,1.08263,1.08397,25480,4,0
2023-02-03 16:00:00,1.08396,1.08761,1.08089,1.08245,43000,5,0
2023-02-03 20:00:00,1.08244,1.08246,1.07915,1.07924,12551,5,0
2023-02-06 00:00:00,1.07813,1.07982,1.07803,1.07849,8936,5,0
2023-02-06 04:00:00,1.07849,1.07988,1.0782,1.07965,8650,3,0
2023-02-06 08:00:00,1.07965,1.07977,1.07647,1.07662,16268,5,0
2023-02-06 12:00:00,1.07662,1.0783,1.07565,1.07579,16039,5,0
2023-02-06 16:00:00,1.07579,1.07659,1.07094,1.0713,22882,5,0
2023-02-06 20:00:00,1.0713,1.07371,1.07101,1.07244,8422,5,0
2023-02-07 00:00:00,1.07244,1.07426,1.07203,1.07409,5529,5,0
2023-02-07 04:00:00,1.07409,1.07425,1.07284,1.07401,6920,5,0
2023-02-07 08:00:00,1.07401,1.07435,1.06968,1.07107,18206,5,0
2023-02-07 12:00:00,1.07107,1.07224,1.06856,1.06951,17139,5,0
2023-02-07 16:00:00,1.06952,1.07664,1.0669,1.07603,32006,4,0
2023-02-07 20:00:00,1.076,1.07624,1.06872,1.07226,31649,5,0
2023-02-08 00:00:00,1.07226,1.07349,1.07207,1.07262,3839,5,0
2023-02-08 04:00:00,1.07262,1.07347,1.0723799999999999,1.07335,3638,4,0
2023-02-08 08:00:00,1.07335,1.07606,1.0723799999999999,1.07551,15075,5,0
2023-02-08 12:00:00,1.0755,1.07557,1.07256,1.07313,12875,4,0
2023-02-08 16:00:00,1.07314,1.07431,1.07135,1.07282,22950,5,0
2023-02-08 20:00:00,1.07282,1.0739,1.07091,1.07091,9184,5,0
2023-02-09 00:00:00,1.07087,1.0726,1.07078,1.07246,5491,5,0
2023-02-09 04:00:00,1.07246,1.0738,1.07235,1.07355,5304,4,0
2023-02-09 08:00:00,1.07355,1.07687,1.0724,1.07635,15533,5,0
2023-02-09 12:00:00,1.07634,1.079,1.07585,1.07897,14177,4,0
2023-02-09 16:00:00,1.07896,1.07907,1.07387,1.07485,19748,4,0
2023-02-09 20:00:00,1.07485,1.07485,1.07308,1.07323,10669,5,0
2023-02-10 00:00:00,1.07323,1.07416,1.07254,1.07334,4514,5,0
2023-02-10 04:00:00,1.07329,1.0734,1.07172,1.07256,5530,4,0
2023-02-10 08:00:00,1.07257,1.07526,1.07037,1.07065,24530,5,0
2023-02-10 12:00:00,1.07066,1.07113,1.06811,1.06957,16880,4,0
2023-02-10 16:00:00,1.06957,1.07068,1.06661,1.06681,22681,3,0
2023-02-10 20:00:00,1.0668,1.06802,1.06675,1.06772,5565,5,0
2023-02-13 00:00:00,1.06787,1.06804,1.06553,1.06669,7478,5,0
2023-02-13 04:00:00,1.06669,1.06708,1.06604,1.06693,5237,5,0
2023-02-13 08:00:00,1.06693,1.06898,1.0663,1.0677,12478,5,0
2023-02-13 12:00:00,1.06769,1.06964,1.0673,1.06805,10375,4,0
2023-02-13 16:00:00,1.06805,1.07272,1.06762,1.07181,16242,5,0
2023-02-13 20:00:00,1.07181,1.07298,1.07114,1.07174,6249,5,0
2023-02-14 00:00:00,1.07164,1.07367,1.07157,1.07286,4700,5,0
2023-02-14 04:00:00,1.07286,1.07397,1.07251,1.07383,5079,5,0
2023-02-14 08:00:00,1.07383,1.07668,1.07284,1.0761,13491,5,0
2023-02-14 12:00:00,1.07609,1.0804,1.07162,1.07606,28654,5,0
2023-02-14 16:00:00,1.07605,1.07717,1.07067,1.07276,52543,4,0
2023-02-14 20:00:00,1.07276,1.07452,1.07231,1.07356,13353,5,0
2023-02-15 00:00:00,1.07359,1.07443,1.0731,1.07396,6188,5,0
2023-02-15 04:00:00,1.07394,1.07396,1.07134,1.0715,6063,5,0
2023-02-15 08:00:00,1.0715,1.07296,1.06995,1.07254,16505,5,0
2023-02-15 12:00:00,1.07252,1.07328,1.06736,1.06828,18731,4,0
2023-02-15 16:00:00,1.06827,1.0688900000000001,1.06616,1.06668,26406,4,0
2023-02-15 20:00:00,1.06668,1.06902,1.06604,1.06869,7254,5,0
2023-02-16 00:00:00,1.06869,1.0708,1.06815,1.07046,10468,5,0
2023-02-16 04:00:00,1.07044,1.07148,1.07006,1.07053,5131,4,0
2023-02-16 08:00:00,1.07053,1.07222,1.06887,1.07005,13465,5,0
2023-02-16 12:00:00,1.07004,1.07127,1.06697,1.06792,20111,4,0
2023-02-16 16:00:00,1.06792,1.06959,1.06542,1.06926,27868,4,0
2023-02-16 20:00:00,1.06926,1.06973,1.06686,1.06718,12063,5,0
2023-02-17 00:00:00,1.06717,1.0673,1.0652,1.0653299999999999,6284,5,0
2023-02-17 04:00:00,1.06532,1.06557,1.06327,1.06381,6034,4,0
2023-02-17 08:00:00,1.06381,1.06613,1.06293,1.06368,14076,4,0
2023-02-17 12:00:00,1.0636700000000001,1.06445,1.06125,1.0641,14333,4,0
2023-02-17 16:00:00,1.06409,1.06936,1.06364,1.06782,27852,5,0
2023-02-17 20:00:00,1.06784,1.06982,1.06774,1.06921,7723,5,0
2023-02-20 00:00:00,1.06835,1.06933,1.0673,1.06758,6068,5,0
2023-02-20 04:00:00,1.06756,1.0693,1.06754,1.06908,4771,5,0
2023-02-20 08:00:00,1.06905,1.07043,1.0679,1.06792,9872,4,0
2023-02-20 12:00:00,1.06793,1.0692,1.06701,1.06803,9302,5,0
2023-02-20 16:00:00,1.06804,1.06938,1.0678,1.06853,6549,5,0
2023-02-20 20:00:00,1.06853,1.06871,1.06813,1.06842,1042,5,0
2023-02-21 00:00:00,1.06842,1.06882,1.06671,1.06736,5344,5,0
2023-02-21 04:00:00,1.06737,1.06749,1.0662,1.06736,4714,5,0
2023-02-21 08:00:00,1.06736,1.06883,1.06425,1.0663,17913,5,0
2023-02-21 12:00:00,1.06629,1.06695,1.06455,1.06529,16919,5,0
2023-02-21 16:00:00,1.06527,1.0698,1.06438,1.06606,27581,4,0
2023-02-21 20:00:00,1.06603,1.06612,1.06373,1.0642,6948,5,0
2023-02-22 00:00:00,1.06414,1.06639,1.06411,1.06573,11746,5,0
2023-02-22 04:00:00,1.06573,1.06624,1.0651,1.06574,5188,4,0
2023-02-22 08:00:00,1.06573,1.06633,1.06354,1.06371,13346,4,0
2023-02-22 12:00:00,1.06374,1.06502,1.06244,1.06461,17262,4,0
2023-02-22 16:00:00,1.06459,1.066,1.06169,1.06281,23137,5,0
2023-02-22 20:00:00,1.0628,1.06359,1.0599,1.06031,17121,5,0
2023-02-23 00:00:00,1.06031,1.06215,1.06001,1.06195,3782,5,0
2023-02-23 04:00:00,1.06195,1.06246,1.06143,1.06221,3580,4,0
2023-02-23 08:00:00,1.06222,1.06276,1.05872,1.05907,13394,5,0
2023-02-23 12:00:00,1.05907,1.06209,1.05854,1.06074,17605,4,0
2023-02-23 16:00:00,1.06075,1.06164,1.05769,1.05852,23758,5,0
2023-02-23 20:00:00,1.05852,1.06027,1.05808,1.05939,7763,5,0
2023-02-24 00:00:00,1.05939,1.06141,1.05908,1.0601099999999999,7940,5,0
2023-02-24 04:00:00,1.0601099999999999,1.06061,1.05946,1.05972,5605,5,0
2023-02-24 08:00:00,1.05972,1.06021,1.05796,1.05856,12682,5,0
2023-02-24 12:00:00,1.05856,1.05959,1.0544,1.05537,21231,4,0
2023-02-24 16:00:00,1.05536,1.05605,1.0536,1.05469,30286,5,0
2023-02-24 20:00:00,1.05469,1.05553,1.05428,1.05435,8066,5,0
2023-02-27 00:00:00,1.05469,1.05593,1.0542,1.05591,4854,5,0
2023-02-27 04:00:00,1.0559,1.05597,1.05387,1.05392,5064,4,0
2023-02-27 08:00:00,1.05393,1.05611,1.05326,1.0551,14261,5,0
2023-02-27 12:00:00,1.05511,1.05831,1.05485,1.05827,13399,4,0
2023-02-27 16:00:00,1.0583,1.06197,1.05758,1.0601099999999999,19724,4,0
2023-02-27 20:00:00,1.0601099999999999,1.06126,1.05986,1.06081,6709,5,0
2023-02-28 00:00:00,1.06081,1.06147,1.0586,1.05864,5860,5,0
2023-02-28 04:00:00,1.05865,1.05986,1.05817,1.0584500000000001,4479,5,0
2023-02-28 08:00:00,1.0584500000000001,1.0626,1.05817,1.06058,15356,5,0
2023-02-28 12:00:00,1.06057,1.06317,1.06054,1.06311,13357,5,0
2023-02-28 16:00:00,1.0631,1.0645,1.05951,1.06054,24170,5,0
2023-02-28 20:00:00,1.06054,1.06067,1.05721,1.05721,6982,5,0
2023-03-01 00:00:00,1.05717,1.0585,1.05651,1.05843,8276,5,0
2023-03-01 04:00:00,1.05843,1.05953,1.05813,1.05907,5190,5,0
2023-03-01 08:00:00,1.0590600000000001,1.06573,1.05891,1.06421,19357,4,0
2023-03-01 12:00:00,1.06421,1.06912,1.06397,1.06711,19706,5,0
2023-03-01 16:00:00,1.06711,1.0679400000000001,1.06433,1.06652,28721,5,0
2023-03-01 20:00:00,1.06652,1.06701,1.06462,1.06651,6826,5,0
2023-03-02 00:00:00,1.06651,1.06727,1.06463,1.06512,5533,5,0
2023-03-02 04:00:00,1.06513,1.06567,1.0637,1.06412,5753,5,0
2023-03-02 08:00:00,1.06412,1.06446,1.0619,1.0624,15578,3,0
2023-03-02 12:00:00,1.06237,1.06314,1.05817,1.05858,20749,4,0
2023-03-02 16:00:00,1.05858,1.06144,1.05765,1.05796,20992,5,0
2023-03-02 20:00:00,1.05797,1.06063,1.05763,1.05957,9493,5,0
2023-03-03 00:00:00,1.05957,1.06143,1.05936,1.06082,4787,5,0
2023-03-03 04:00:00,1.06082,1.06147,1.06018,1.06089,4781,5,0
2023-03-03 08:00:00,1.0609,1.06289,1.06071,1.06098,13462,3,0
2023-03-03 12:00:00,1.06097,1.06295,1.06002,1.06223,13008,5,0
2023-03-03 16:00:00,1.06223,1.06292,1.05881,1.06246,23041,5,0
2023-03-03 20:00:00,1.06246,1.06384,1.06197,1.06318,6617,5,0
2023-03-06 00:00:00,1.06223,1.06379,1.06201,1.06363,6590,5,0
2023-03-06 04:00:00,1.06361,1.06498,1.0628,1.06483,4994,5,0
2023-03-06 08:00:00,1.06483,1.06572,1.06279,1.0629,12280,5,0
2023-03-06 12:00:00,1.0629,1.06581,1.06221,1.06545,13463,5,0
2023-03-06 16:00:00,1.06545,1.06943,1.065,1.0685,18781,5,0
2023-03-06 20:00:00,1.0685,1.06858,1.06683,1.06781,6148,5,0
2023-03-07 00:00:00,1.06778,1.06887,1.06669,1.06864,5660,5,0
2023-03-07 04:00:00,1.06864,1.06931,1.0681,1.0685,5266,4,0
2023-03-07 08:00:00,1.0684,1.06943,1.06555,1.06567,14227,4,0
2023-03-07 12:00:00,1.06567,1.06721,1.06499,1.06562,12891,5,0
2023-03-07 16:00:00,1.06561,1.0661,1.05655,1.0567,41869,5,0
2023-03-07 20:00:00,1.05671,1.05736,1.05459,1.05481,10398,5,0
2023-03-08 00:00:00,1.05481,1.05529,1.05421,1.05444,4638,5,0
2023-03-08 04:00:00,1.05445,1.05469,1.05243,1.05309,5255,4,0
2023-03-08 08:00:00,1.05309,1.05484,1.05303,1.05351,11345,4,0
2023-03-08 12:00:00,1.05351,1.0549,1.05337,1.0541,11406,4,0
2023-03-08 16:00:00,1.0541,1.05738,1.0529,1.05449,25492,3,0
2023-03-08 20:00:00,1.05449,1.05504,1.05396,1.05431,6434,5,0
2023-03-09 00:00:00,1.05429,1.05532,1.05364,1.05402,4074,5,0
2023-03-09 04:00:00,1.05403,1.05554,1.05391,1.05522,3116,4,0
2023-03-09 08:00:00,1.05522,1.05695,1.05479,1.05583,8202,4,0
2023-03-09 12:00:00,1.05583,1.05812,1.05525,1.05741,14911,4,0
2023-03-09 16:00:00,1.0574,1.05862,1.05635,1.05771,19301,5,0
2023-03-09 20:00:00,1.0577,1.0591,1.05724,1.05791,12750,5,0
2023-03-10 00:00:00,1.05791,1.05993,1.05764,1.05944,6507,5,0
2023-03-10 04:00:00,1.05945,1.05982,1.0579,1.05865,10653,5,0
2023-03-10 08:00:00,1.05864,1.06066,1.05738,1.05812,17731,4,0
2023-03-10 12:00:00,1.05812,1.06439,1.05776,1.06215,27262,5,0
2023-03-10 16:00:00,1.06215,1.07005,1.06119,1.06684,53625,5,0
2023-03-10 20:00:00,1.06684,1.06725,1.06354,1.06372,18315,5,0
2023-03-13 00:00:00,1.068,1.07023,1.0674,1.06816,18317,5,0
2023-03-13 04:00:00,1.06814,1.07368,1.06637,1.07176,17728,5,0
2023-03-13 08:00:00,1.07174,1.0737,1.07039,1.0707200000000001,19112,5,0
2023-03-13 12:00:00,1.0707200000000001,1.0707200000000001,1.065,1.06963,57819,4,0
2023-03-13 16:00:00,1.06962,1.07422,1.06853,1.07393,51208,5,0
2023-03-13 20:00:00,1.07393,1.07484,1.07208,1.07297,20475,5,0
2023-03-14 00:00:00,1.07297,1.0732,1.07113,1.07189,6959,5,0
2023-03-14 04:00:00,1.07189,1.0721,1.06979,1.07026,10375,5,0
2023-03-14 08:00:00,1.07023,1.07153,1.06787,1.0706,24744,4,0
2023-03-14 12:00:00,1.0706,1.07485,1.06908,1.07352,35950,4,0
2023-03-14 16:00:00,1.07353,1.07433,1.06978,1.07171,35793,4,0
2023-03-14 20:00:00,1.07171,1.07493,1.0717,1.0731600000000001,17244,4,0
2023-03-15 00:00:00,1.07314,1.07366,1.07249,1.07338,4390,5,0
2023-03-15 04:00:00,1.07336,1.07597,1.0731,1.07445,7094,5,0
2023-03-15 08:00:00,1.07446,1.0746,1.07266,1.07314,13977,5,0
2023-03-15 12:00:00,1.07313,1.07326,1.05524,1.05565,46084,5,0
2023-03-15 16:00:00,1.05562,1.05645,1.05158,1.05421,48967,5,0
2023-03-15 20:00:00,1.0542,1.05922,1.05419,1.0576,30843,5,0
2023-03-16 00:00:00,1.0576,1.05979,1.05727,1.05898,8727,5,0
2023-03-16 04:00:00,1.05895,1.06032,1.0586,1.06025,12418,5,0
2023-03-16 08:00:00,1.06022,1.06355,1.05926,1.06123,21150,4,0
2023-03-16 12:00:00,1.06122,1.06208,1.05758,1.05877,27063,4,0
2023-03-16 16:00:00,1.05877,1.06265,1.05507,1.06185,54705,4,0
2023-03-16 20:00:00,1.06186,1.06203,1.05913,1.06061,13502,5,0
2023-03-17 00:00:00,1.06061,1.06201,1.06044,1.06181,5411,5,0
2023-03-17 04:00:00,1.06181,1.06491,1.06141,1.0649,8054,5,0
2023-03-17 08:00:00,1.0649,1.06698,1.06441,1.06521,14229,4,0
2023-03-17 12:00:00,1.06521,1.06597,1.0612,1.06258,19569,5,0
2023-03-17 16:00:00,1.0626,1.06755,1.06169,1.0667200000000001,27587,5,0
2023-03-17 20:00:00,1.0667200000000001,1.0685,1.06583,1.06639,11427,5,0
2023-03-20 00:00:00,1.06639,1.06885,1.06639,1.06806,7695,5,0
2023-03-20 04:00:00,1.06806,1.06897,1.06644,1.06695,8945,5,0
2023-03-20 08:00:00,1.06694,1.06809,1.06311,1.0661100000000001,25149,5,0
2023-03-20 12:00:00,1.0661100000000001,1.07175,1.06496,1.07049,24455,5,0
2023-03-20 16:00:00,1.07048,1.07307,1.07027,1.0725,21379,5,0
2023-03-20 20:00:00,1.07254,1.07281,1.0714,1.07171,7004,5,0
2023-03-21 00:00:00,1.07171,1.07258,1.07149,1.07173,8217,5,0
2023-03-21 04:00:00,1.07173,1.07222,1.07094,1.0712,4283,5,0
2023-03-21 08:00:00,1.0712,1.07385,1.07037,1.07297,11942,5,0
2023-03-21 12:00:00,1.07294,1.07845,1.07246,1.07809,15049,5,0
2023-03-21 16:00:00,1.07811,1.07885,1.07606,1.07674,17115,5,0
2023-03-21 20:00:00,1.07674,1.07745,1.07561,1.07652,6018,5,0
2023-03-22 00:00:00,1.07649,1.07759,1.07649,1.07678,2881,5,0
2023-03-22 04:00:00,1.07678,1.07766,1.07653,1.07686,4861,5,0
2023-03-22 08:00:00,1.07687,1.07828,1.07588,1.078,9542,4,0
2023-03-22 12:00:00,1.078,1.08,1.07755,1.07817,12394,4,0
2023-03-22 16:00:00,1.07817,1.08002,1.07754,1.07987,12443,5,0
2023-03-22 20:00:00,1.07988,1.0912,1.07896,1.08545,40227,5,0
2023-03-23 00:00:00,1.08545,1.08834,1.08544,1.08833,4701,5,0
2023-03-23 04:00:00,1.0883099999999999,1.09053,1.0878700000000001,1.09034,7658,5,0
2023-03-23 08:00:00,1.09034,1.09296,1.0890900000000001,1.08995,16007,5,0
2023-03-23 12:00:00,1.08999,1.09035,1.08666,1.0873,17058,5,0
2023-03-23 16:00:00,1.08728,1.09077,1.08728,1.08955,18570,5,0
2023-03-23 20:00:00,1.0895299999999999,1.0895299999999999,1.0824,1.08261,18252,5,0
2023-03-24 00:00:00,1.08266,1.08378,1.08223,1.08325,4138,5,0
2023-03-24 04:00:00,1.08324,1.0835,1.08169,1.0834,7637,5,0
2023-03-24 08:00:00,1.0834,1.08369,1.07678,1.07798,16124,5,0
2023-03-24 12:00:00,1.07797,1.07906,1.07129,1.0749,29046,4,0
2023-03-24 16:00:00,1.07493,1.07671,1.07407,1.07572,25391,5,0
2023-03-24 20:00:00,1.07568,1.07673,1.07539,1.07588,6913,5,0
2023-03-27 00:00:00,1.0774,1.0778699999999999,1.07608,1.07609,5379,5,0
2023-03-27 04:00:00,1.07609,1.07746,1.07575,1.07676,5324,5,0
2023-03-27 08:00:00,1.07673,1.07819,1.07449,1.07666,14374,5,0
2023-03-27 12:00:00,1.07666,1.07807,1.07564,1.07728,12375,5,0
2023-03-27 16:00:00,1.0773,1.07947,1.077,1.0790899999999999,12930,5,0
2023-03-27 20:00:00,1.07912,1.07999,1.0786,1.07958,4694,5,0
2023-03-28 00:00:00,1.07949,1.08179,1.07925,1.08157,3079,5,0
2023-03-28 04:00:00,1.08157,1.08193,1.08099,1.0812,5504,5,0
2023-03-28 08:00:00,1.08119,1.08338,1.08061,1.08121,11183,5,0
2023-03-28 12:00:00,1.08121,1.08467,1.08099,1.08392,12316,5,0
2023-03-28 16:00:00,1.08392,1.08458,1.08161,1.08418,14065,5,0
2023-03-28 20:00:00,1.08419,1.08483,1.08354,1.08419,4856,5,0
2023-03-29 00:00:00,1.08433,1.08474,1.0836,1.0847,3034,5,0
2023-03-29 04:00:00,1.0847,1.0849199999999999,1.08335,1.08372,4536,5,0
2023-03-29 08:00:00,1.08379,1.08404,1.08176,1.08325,9691,4,0
2023-03-29 12:00:00,1.08324,1.08715,1.08318,1.08534,11936,4,0
2023-03-29 16:00:00,1.08534,1.08582,1.08234,1.08274,15846,5,0
2023-03-29 20:00:00,1.08274,1.0848,1.08255,1.08424,4899,5,0
2023-03-30 00:00:00,1.08423,1.08477,1.08353,1.08375,4225,5,0
2023-03-30 04:00:00,1.08375,1.0841,1.08262,1.08388,4274,5,0
2023-03-30 08:00:00,1.08388,1.08792,1.08234,1.08729,13630,3,0
2023-03-30 12:00:00,1.08746,1.09109,1.08588,1.09098,12894,4,0
2023-03-30 16:00:00,1.09099,1.09261,1.08943,1.09047,15808,5,0
2023-03-30 20:00:00,1.09047,1.0907499999999999,1.08919,1.09041,4740,5,0
2023-03-31 00:00:00,1.09042,1.09169,1.09011,1.09155,3452,5,0
2023-03-31 04:00:00,1.09154,1.09256,1.0901,1.0903,5286,5,0
2023-03-31 08:00:00,1.0903,1.09106,1.08728,1.08894,13202,4,0
2023-03-31 12:00:00,1.08888,1.08958,1.08639,1.08869,14568,4,0
2023-03-31 16:00:00,1.0887,1.09017,1.08574,1.08691,18889,5,0
2023-03-31 20:00:00,1.08692,1.0871,1.08366,1.08412,6279,5,0
2023-04-03 00:00:00,1.0838700000000001,1.08427,1.07986,1.08135,7422,5,0
2023-04-03 04:00:00,1.08136,1.08167,1.0788,1.07928,5609,5,0
2023-04-03 08:00:00,1.07928,1.08496,1.07888,1.08427,10803,5,0
2023-04-03 12:00:00,1.08425,1.08775,1.08424,1.08649,12422,5,0
2023-04-03 16:00:00,1.08654,1.09165,1.08641,1.08885,19713,5,0
2023-04-03 20:00:00,1.08883,1.0908,1.08798,1.08917,5275,5,0
2023-04-04 00:00:00,1.08917,1.09097,1.08861,1.09009,2677,4,0
2023-04-04 04:00:00,1.09009,1.0901399999999999,1.08877,1.08942,4845,5,0
2023-04-04 08:00:00,1.08943,1.09378,1.08825,1.0917,12166,5,0
2023-04-04 12:00:00,1.0917,1.09358,1.08866,1.0890900000000001,14096,5,0
2023-04-04 16:00:00,1.0891,1.09731,1.08883,1.0946,24031,5,0
2023-04-04 20:00:00,1.0946,1.09578,1.09433,1.09498,4554,5,0
2023-04-05 00:00:00,1.09497,1.09694,1.09434,1.09603,3468,5,0
2023-04-05 04:00:00,1.09604,1.09641,1.09533,1.09544,4703,5,0
2023-04-05 08:00:00,1.09545,1.09672,1.09407,1.09509,11228,4,0
2023-04-05 12:00:00,1.09508,1.09628,1.09346,1.09577,13783,3,0
2023-04-05 16:00:00,1.09578,1.09668,1.08961,1.08965,21397,5,0
2023-04-05 20:00:00,1.08964,1.09096,1.0890900000000001,1.09008,4784,5,0
2023-04-06 00:00:00,1.09008,1.09105,1.08927,1.08938,3592,5,0
2023-04-06 04:00:00,1.08938,1.08958,1.08843,1.08925,3803,5,0
2023-04-06 08:00:00,1.08926,1.09169,1.08893,1.08994,10217,3,0
2023-04-06 12:00:00,1.08994,1.09192,1.08889,1.0892,11133,4,0
2023-04-06 16:00:00,1.08919,1.09374,1.08857,1.0934,13235,5,0
2023-04-06 20:00:00,1.0934,1.09359,1.09166,1.0919,3700,5,0
2023-04-07 00:00:00,1.09189,1.0924,1.0914,1.09157,1509,5,0
2023-04-07 04:00:00,1.09159,1.09214,1.09145,1.09147,1047,5,0
2023-04-07 08:00:00,1.09145,1.09193,1.09113,1.09154,1782,5,0
2023-04-07 12:00:00,1.09154,1.09215,1.08763,1.09034,6091,4,0
2023-04-07 16:00:00,1.09034,1.09152,1.08933,1.09096,4604,5,0
2023-04-07 20:00:00,1.09096,1.09102,1.08943,1.08952,1583,5,0
2023-04-10 00:00:00,1.08965,1.09144,1.08965,1.0903100000000001,3806,5,0
2023-04-10 04:00:00,1.0903,1.09064,1.0895,1.08961,3160,5,0
2023-04-10 08:00:00,1.08961,1.09172,1.08907,1.09116,4545,5,0
2023-04-10 12:00:00,1.09115,1.09164,1.08469,1.08487,10411,5,0
2023-04-10 16:00:00,1.08488,1.0857,1.08312,1.08475,10323,5,0
2023-04-10 20:00:00,1.08478,1.08628,1.08478,1.08577,3976,5,0
2023-04-11 00:00:00,1.08577,1.08789,1.08533,1.08773,4180,5,0
2023-04-11 04:00:00,1.08773,1.08876,1.08669,1.08823,4791,5,0
2023-04-11 08:00:00,1.08823,1.09101,1.08807,1.09068,10056,5,0
2023-04-11 12:00:00,1.09068,1.09266,1.09021,1.09117,11230,5,0
2023-04-11 16:00:00,1.09117,1.09279,1.08974,1.08987,11616,5,0
2023-04-11 20:00:00,1.08987,1.09167,1.08959,1.09102,4078,5,0
2023-04-12 00:00:00,1.09065,1.09274,1.09065,1.09252,2043,5,0
2023-04-12 04:00:00,1.09252,1.09285,1.09163,1.09255,3274,5,0
2023-04-12 08:00:00,1.09255,1.09372,1.09157,1.09236,8281,1,0
2023-04-12 12:00:00,1.09236,1.09897,1.09196,1.09639,14990,4,0
2023-04-12 16:00:00,1.09639,1.09998,1.0958,1.09959,22380,5,0
2023-04-12 20:00:00,1.09959,1.10002,1.09864,1.09904,6589,5,0
2023-04-13 00:00:00,1.09903,1.10048,1.09878,1.1002,2842,5,0
2023-04-13 04:00:00,1.1002,1.10032,1.09835,1.09896,4594,5,0
2023-04-13 08:00:00,1.09895,1.10249,1.09764,1.10145,10335,4,0
2023-04-13 12:00:00,1.10145,1.10535,1.1008,1.10484,14211,3,0
2023-04-13 16:00:00,1.10486,1.10676,1.10432,1.10554,15333,5,0
2023-04-13 20:00:00,1.10554,1.10595,1.10438,1.10451,4186,5,0
2023-04-14 00:00:00,1.10423,1.10588,1.10423,1.10543,2509,5,0
2023-04-14 04:00:00,1.10543,1.10749,1.1053,1.10688,4132,5,0
2023-04-14 08:00:00,1.1069,1.10757,1.10539,1.10588,8392,4,0
2023-04-14 12:00:00,1.10587,1.10736,1.10183,1.10343,15156,3,0
2023-04-14 16:00:00,1.1034,1.10362,1.09722,1.09775,21224,5,0
2023-04-14 20:00:00,1.09775,1.09991,1.0975,1.09934,5782,5,0
2023-04-17 00:00:00,1.09872,1.09926,1.09725,1.09726,3441,5,0
2023-04-17 04:00:00,1.0973,1.09847,1.09616,1.09843,4957,5,0
2023-04-17 08:00:00,1.09844,1.09996,1.0964,1.09646,9441,5,0
2023-04-17 12:00:00,1.09645,1.09847,1.09514,1.09535,10823,5,0
2023-04-17 16:00:00,1.09535,1.09567,1.09089,1.09117,17305,4,0
2023-04-17 20:00:00,1.09116,1.0931,1.09116,1.09221,3933,5,0
2023-04-18 00:00:00,1.09221,1.09288,1.09195,1.09251,1781,5,0
2023-04-18 04:00:00,1.09251,1.09389,1.09234,1.09368,4489,5,0
2023-04-18 08:00:00,1.09365,1.09827,1.09342,1.09806,10276,5,0
2023-04-18 12:00:00,1.09804,1.09827,1.09543,1.09557,10746,5,0
2023-04-18 16:00:00,1.09558,1.09708,1.09428,1.09701,13797,5,0
2023-04-18 20:00:00,1.097,1.09746,1.0967,1.09706,4307,5,0
2023-04-19 00:00:00,1.09706,1.09825,1.09637,1.09824,2554,5,0
2023-04-19 04:00:00,1.09822,1.09838,1.09648,1.09684,4056,5,0
2023-04-19 08:00:00,1.09683,1.09722,1.09462,1.09554,12746,4,0
2023-04-19 12:00:00,1.09554,1.09629,1.09172,1.09494,12865,4,0
2023-04-19 16:00:00,1.09495,1.09792,1.0947,1.09655,12807,4,0
2023-04-19 20:00:00,1.09656,1.09667,1.09515,1.09528,4284,5,0
2023-04-20 00:00:00,1.09528,1.0959,1.09469,1.09566,2269,5,0
2023-04-20 04:00:00,1.09565,1.09615,1.09491,1.09588,4192,5,0
2023-04-20 08:00:00,1.09589,1.09782,1.09498,1.09711,10440,3,0
2023-04-20 12:00:00,1.0971,1.0985,1.09333,1.09775,14725,4,0
2023-04-20 16:00:00,1.09774,1.09897,1.09632,1.09671,14365,4,0
2023-04-20 20:00:00,1.09671,1.09724,1.09562,1.0967,5203,5,0
2023-04-21 00:00:00,1.0967,1.09722,1.09617,1.09698,2082,5,0
2023-04-21 04:00:00,1.097,1.0973,1.09585,1.09602,2990,5,0
2023-04-21 08:00:00,1.09602,1.0972,1.09377,1.09595,11285,3,0
2023-04-21 12:00:00,1.09595,1.099,1.09488,1.09878,9741,3,0
2023-04-21 16:00:00,1.09877,1.09936,1.09423,1.0979,18122,5,0
2023-04-21 20:00:00,1.09784,1.09927,1.0972,1.09884,4986,5,0
2023-04-24 00:00:00,1.09899,1.09961,1.09843,1.09947,2126,5,0
2023-04-24 04:00:00,1.09947,1.09947,1.09791,1.09803,3675,5,0
2023-04-24 08:00:00,1.09803,1.10093,1.09657,1.10084,9188,5,0
2023-04-24 12:00:00,1.10084,1.10248,1.09988,1.10229,11384,5,0
2023-04-24 16:00:00,1.10229,1.10367,1.10128,1.10337,13470,5,0
2023-04-24 20:00:00,1.10338,1.10499,1.10334,1.10444,4115,5,0
2023-04-25 00:00:00,1.1044100000000001,1.10664,1.10405,1.1059,2874,5,0
2023-04-25 04:00:00,1.10587,1.10669,1.10507,1.10511,3919,5,0
2023-04-25 08:00:00,1.10511,1.10562,1.10244,1.10397,11588,4,0
2023-04-25 12:00:00,1.10397,1.10438,1.10094,1.10172,10247,4,0
2023-04-25 16:00:00,1.10172,1.10187,1.09651,1.09679,16260,5,0
2023-04-25 20:00:00,1.09678,1.09758,1.0964,1.09703,6600,5,0
2023-04-26 00:00:00,1.09703,1.09802,1.09653,1.0977999999999999,3585,5,0
2023-04-26 04:00:00,1.0977999999999999,1.09815,1.09682,1.0981,4633,5,0
2023-04-26 08:00:00,1.0981,1.10429,1.09793,1.10416,13068,4,0
2023-04-26 12:00:00,1.10416,1.10625,1.10311,1.10536,17763,4,0
2023-04-26 16:00:00,1.10536,1.10953,1.10328,1.10409,21853,5,0
2023-04-26 20:00:00,1.10409,1.10418,1.10322,1.10373,5879,5,0
2023-04-27 00:00:00,1.1031900000000001,1.10474,1.1031900000000001,1.10455,3023,5,0
2023-04-27 04:00:00,1.10455,1.10547,1.10388,1.10506,4217,5,0
2023-04-27 08:00:00,1.10506,1.10633,1.10398,1.10527,10495,4,0
2023-04-27 12:00:00,1.10519,1.10568,1.10003,1.10129,15943,4,0
2023-04-27 16:00:00,1.10129,1.1026799999999999,1.0991900000000001,1.10084,19055,5,0
2023-04-27 20:00:00,1.1008499999999999,1.10297,1.10054,1.1026799999999999,5154,5,0
2023-04-28 00:00:00,1.1026,1.10392,1.10189,1.10342,4137,5,0
2023-04-28 04:00:00,1.10342,1.10344,1.10081,1.10134,8345,5,0
2023-04-28 08:00:00,1.10133,1.1036299999999999,1.09765,1.09903,17309,4,0
2023-04-28 12:00:00,1.09904,1.09983,1.09625,1.09844,15511,4,0
2023-04-28 16:00:00,1.09844,1.10448,1.09825,1.10308,23623,5,0
2023-04-28 20:00:00,1.10307,1.10309,1.10118,1.10155,6081,5,0
2023-05-01 00:00:00,1.10237,1.10237,1.10044,1.10054,4739,5,0
2023-05-01 04:00:00,1.10056,1.10143,1.10006,1.10062,3556,5,0
2023-05-01 08:00:00,1.10061,1.1008499999999999,1.09912,1.09918,6483,5,0
2023-05-01 12:00:00,1.0992,1.10334,1.09882,1.10326,7302,5,0
2023-05-01 16:00:00,1.10326,1.10355,1.09643,1.09674,16265,5,0
2023-05-01 20:00:00,1.09674,1.09759,1.09652,1.09712,5769,5,0
2023-05-02 00:00:00,1.09712,1.0979,1.09671,1.09788,2328,5,0
2023-05-02 04:00:00,1.09788,1.09942,1.09784,1.09843,4762,5,0
2023-05-02 08:00:00,1.09843,1.10065,1.0959699999999999,1.09714,12576,5,0
2023-05-02 12:00:00,1.09713,1.09816,1.09479,1.09551,11608,5,0
2023-05-02 16:00:00,1.0955,1.10029,1.0942,1.09997,21638,5,0
2023-05-02 20:00:00,1.09997,1.10078,1.09945,1.09983,4753,5,0
2023-05-03 00:00:00,1.09967,1.10205,1.09962,1.10171,2905,5,0
2023-05-03 04:00:00,1.1017,1.10296,1.10129,1.10217,3177,5,0
2023-05-03 08:00:00,1.10217,1.10469,1.10142,1.10393,8976,5,0
2023-05-03 12:00:00,1.10393,1.10467,1.10208,1.10383,10732,5,0
2023-05-03 16:00:00,1.10384,1.10592,1.10288,1.10468,14182,5,0
2023-05-03 20:00:00,1.10468,1.10917,1.1037,1.10584,26923,5,0
2023-05-04 00:00:00,1.10584,1.10871,1.10544,1.10757,5746,5,0
2023-05-04 04:00:00,1.10757,1.10874,1.10711,1.10815,5215,5,0
2023-05-04 08:00:00,1.10813,1.10914,1.10368,1.10399,11744,5,0
2023-05-04 12:00:00,1.10405,1.10825,1.10012,1.10091,19564,5,0
2023-05-04 16:00:00,1.1009,1.10554,1.09857,1.10245,31438,5,0
2023-05-04 20:00:00,1.10246,1.10314,1.10093,1.10108,7802,5,0
2023-05-05 00:00:00,1.10108,1.10294,1.10044,1.10248,1994,5,0
2023-05-05 04:00:00,1.10249,1.10446,1.10249,1.10415,4152,5,0
2023-05-05 08:00:00,1.10413,1.10476,1.10239,1.10283,10300,5,0
2023-05-05 12:00:00,1.10283,1.10318,1.09666,1.09759,15034,5,0
2023-05-05 16:00:00,1.09763,1.10365,1.09759,1.1032,18228,5,0
2023-05-05 20:00:00,1.10321,1.10344,1.10095,1.10172,6010,5,0
2023-05-08 00:00:00,1.10229,1.10251,1.10131,1.10241,2682,5,0
2023-05-08 04:00:00,1.10242,1.1044,1.10185,1.10434,3583,5,0
2023-05-08 08:00:00,1.10436,1.10535,1.10356,1.10359,7704,5,0
2023-05-08 12:00:00,1.10359,1.10512,1.10227,1.10369,8870,5,0
2023-05-08 16:00:00,1.1037,1.1044100000000001,1.10115,1.1027,10107,5,0
2023-05-08 20:00:00,1.10273,1.10291,1.1,1.10021,4817,5,0
2023-05-09 00:00:00,1.10021,1.10042,1.09849,1.09896,3095,5,0
2023-05-09 04:00:00,1.09898,1.09951,1.09847,1.09887,3368,5,0
2023-05-09 08:00:00,1.09884,1.10006,1.09725,1.09786,10557,5,0
2023-05-09 12:00:00,1.09785,1.0984099999999999,1.09496,1.09499,9830,5,0
2023-05-09 16:00:00,1.09499,1.09643,1.0941,1.09551,11972,5,0
2023-05-09 20:00:00,1.0955,1.09723,1.09539,1.0959,5198,5,0
2023-05-10 00:00:00,1.0959,1.0971899999999999,1.09427,1.09689,2484,5,0
2023-05-10 04:00:00,1.0969,1.09771,1.09681,1.0971899999999999,3281,5,0
2023-05-10 08:00:00,1.0971899999999999,1.09823,1.09499,1.09518,10143,5,0
2023-05-10 12:00:00,1.09518,1.10056,1.09413,1.10006,15283,5,0
2023-05-10 16:00:00,1.10007,1.10067,1.0964,1.09703,19625,5,0
2023-05-10 20:00:00,1.09702,1.09847,1.09615,1.09801,5780,5,0
2023-05-11 00:00:00,1.09801,1.09929,1.09772,1.09926,2027,5,0
2023-05-11 04:00:00,1.09926,1.09979,1.09695,1.09751,4219,5,0
2023-05-11 08:00:00,1.0975,1.09822,1.0918,1.09281,14394,5,0
2023-05-11 12:00:00,1.09283,1.09479,1.09178,1.09326,17067,5,0
2023-05-11 16:00:00,1.09325,1.0933,1.09,1.0925,17766,5,0
2023-05-11 20:00:00,1.09249,1.09256,1.09106,1.09141,4747,5,0
2023-05-12 00:00:00,1.09141,1.09213,1.09113,1.09213,2206,5,0
2023-05-12 04:00:00,1.09213,1.09266,1.09148,1.09259,3722,5,0
2023-05-12 08:00:00,1.0925799999999999,1.09354,1.09044,1.09135,10576,5,0
2023-05-12 12:00:00,1.09135,1.09171,1.08811,1.08869,10006,5,0
2023-05-12 16:00:00,1.08868,1.08971,1.08483,1.08516,15558,5,0
2023-05-12 20:00:00,1.08515,1.08567,1.08478,1.08487,4647,5,0
2023-05-15 00:00:00,1.08605,1.08605,1.08443,1.08529,3047,5,0
2023-05-15 04:00:00,1.0853,1.08641,1.08523,1.08629,3967,5,0
2023-05-15 08:00:00,1.08629,1.088,1.08599,1.08683,8354,5,0
2023-05-15 12:00:00,1.08682,1.08906,1.0855299999999999,1.08789,10005,5,0
2023-05-15 16:00:00,1.08788,1.08817,1.08638,1.0878700000000001,9987,5,0
2023-05-15 20:00:00,1.0878700000000001,1.0878700000000001,1.08723,1.08732,3287,5,0
2023-05-16 00:00:00,1.08728,1.0882,1.08719,1.08817,1620,5,0
2023-05-16 04:00:00,1.08817,1.08844,1.0868,1.08828,3475,5,0
2023-05-16 08:00:00,1.08829,1.08976,1.08627,1.0890900000000001,10156,5,0
2023-05-16 12:00:00,1.0890900000000001,1.09045,1.08679,1.08814,10963,5,0
2023-05-16 16:00:00,1.08814,1.08891,1.08548,1.08666,15552,5,0
2023-05-16 20:00:00,1.08668,1.0871,1.0858,1.08602,4183,5,0
2023-05-17 00:00:00,1.08598,1.08718,1.08592,1.08704,2010,5,0
2023-05-17 04:00:00,1.08704,1.08735,1.08621,1.08645,3519,5,0
2023-05-17 08:00:00,1.08645,1.08651,1.08269,1.08289,12279,5,0
2023-05-17 12:00:00,1.08285,1.08415,1.08133,1.08239,11551,5,0
2023-05-17 16:00:00,1.08239,1.08452,1.081,1.08416,15535,5,0
2023-05-17 20:00:00,1.08419,1.08489,1.08357,1.08379,5450,5,0
2023-05-18 00:00:00,1.08378,1.08432,1.08347,1.08421,2503,5,0
2023-05-18 04:00:00,1.0842,1.08478,1.08324,1.08328,5052,5,0
2023-05-18 08:00:00,1.08329,1.08358,1.08089,1.08164,10617,5,0
2023-05-18 12:00:00,1.08163,1.08198,1.07851,1.0789900000000001,11441,5,0
2023-05-18 16:00:00,1.0789900000000001,1.07948,1.07624,1.07629,15208,5,0
2023-05-18 20:00:00,1.07629,1.07746,1.07623,1.07686,5471,5,0
2023-05-19 00:00:00,1.07686,1.07799,1.0765500000000001,1.07737,2707,5,0
2023-05-19 04:00:00,1.07737,1.07756,1.07596,1.07631,5750,5,0
2023-05-19 08:00:00,1.0763,1.07943,1.07613,1.07879,11347,5,0
2023-05-19 12:00:00,1.07881,1.08235,1.07874,1.08056,13846,5,0
2023-05-19 16:00:00,1.08053,1.08266,1.07819,1.08206,23298,5,0
2023-05-19 20:00:00,1.08206,1.08287,1.07976,1.08036,6373,5,0
2023-05-22 00:00:00,1.08034,1.0824799999999999,1.08034,1.08233,2990,5,0
2023-05-22 04:00:00,1.08234,1.08297,1.08175,1.08183,6278,5,0
2023-05-22 08:00:00,1.08183,1.0824,1.07953,1.08103,11318,5,0
2023-05-22 12:00:00,1.08102,1.08311,1.0808,1.08189,11052,5,0
2023-05-22 16:00:00,1.0819,1.08241,1.0796000000000001,1.08096,15818,5,0
2023-05-22 20:00:00,1.08097,1.08214,1.0808,1.08113,5556,5,0
2023-05-23 00:00:00,1.08113,1.0820400000000001,1.0804,1.08115,3192,5,0
2023-05-23 04:00:00,1.08114,1.08118,1.08025,1.08101,4785,5,0
2023-05-23 08:00:00,1.08101,1.08127,1.07849,1.0803,13085,5,0
2023-05-23 12:00:00,1.0803,1.08034,1.07628,1.07636,11972,5,0
2023-05-23 16:00:00,1.07637,1.07953,1.07601,1.07666,18342,5,0
2023-05-23 20:00:00,1.07667,1.07806,1.07641,1.07679,5056,5,0
2023-05-24 00:00:00,1.07679,1.07749,1.07639,1.07722,3000,5,0
2023-05-24 04:00:00,1.07722,1.0782,1.07675,1.07797,5294,5,0
2023-05-24 08:00:00,1.07798,1.07948,1.077,1.07773,13651,5,0
2023-05-24 12:00:00,1.07773,1.08012,1.0748,1.07894,15491,5,0
2023-05-24 16:00:00,1.07894,1.0794,1.07493,1.07559,17383,5,0
2023-05-24 20:00:00,1.07561,1.07658,1.07475,1.0748,8441,5,0
2023-05-25 00:00:00,1.07479,1.07566,1.07412,1.07502,3743,5,0
2023-05-25 04:00:00,1.07502,1.07532,1.07326,1.07341,4857,5,0
2023-05-25 08:00:00,1.07341,1.0743800000000001,1.07138,1.07227,13059,5,0
2023-05-25 12:00:00,1.07226,1.07401,1.07145,1.07183,14833,5,0
2023-05-25 16:00:00,1.07181,1.07325,1.0707,1.07123,17696,5,0
2023-05-25 20:00:00,1.07123,1.07292,1.07112,1.07239,5775,2,0
2023-05-26 00:00:00,1.07239,1.07272,1.07124,1.07252,2986,5,0
2023-05-26 04:00:00,1.07254,1.07407,1.07242,1.07396,4479,5,0
2023-05-26 08:00:00,1.07396,1.07443,1.07252,1.07317,10618,5,0
2023-05-26 12:00:00,1.07315,1.07585,1.07254,1.07418,13783,5,0
2023-05-26 16:00:00,1.07418,1.07503,1.07014,1.07195,20209,5,0
2023-05-26 20:00:00,1.07195,1.07326,1.07185,1.0724,4083,5,0
2023-05-29 00:00:00,1.07151,1.07281,1.07149,1.07197,2749,5,0
2023-05-29 04:00:00,1.07196,1.0735999999999999,1.07183,1.07358,3088,5,0
2023-05-29 08:00:00,1.07359,1.07434,1.07151,1.07237,6169,5,0
2023-05-29 12:00:00,1.07235,1.07235,1.07096,1.07146,5103,5,0
2023-05-29 16:00:00,1.07146,1.07155,1.07057,1.07125,3665,5,0
2023-05-29 20:00:00,1.07126,1.07148,1.07052,1.07059,1033,5,0
2023-05-30 00:00:00,1.07059,1.07195,1.07039,1.07136,3036,5,0
2023-05-30 04:00:00,1.07136,1.07261,1.0701,1.07079,5226,5,0
2023-05-30 08:00:00,1.07078,1.0708199999999999,1.06723,1.07043,14145,5,0
2023-05-30 12:00:00,1.07044,1.07464,1.06968,1.07222,15821,5,0
2023-05-30 16:00:00,1.07223,1.07407,1.07161,1.07206,15116,5,0
2023-05-30 20:00:00,1.07206,1.07344,1.0714,1.07331,5009,5,0
2023-05-31 00:00:00,1.07331,1.07355,1.07213,1.07348,2486,5,0
2023-05-31 04:00:00,1.07348,1.07352,1.06941,1.06978,6393,5,0
2023-05-31 08:00:00,1.06975,1.06987,1.06585,1.06595,14965,5,0
2023-05-31 12:00:00,1.06595,1.06872,1.06595,1.06804,10596,5,0
2023-05-31 16:00:00,1.06804,1.07051,1.0635,1.06378,23624,5,0
2023-05-31 20:00:00,1.06378,1.06919,1.06354,1.06879,9610,5,0
2023-06-01 00:00:00,1.06879,1.06969,1.06789,1.06863,3409,5,0
2023-06-01 04:00:00,1.06863,1.06938,1.06799,1.06812,5892,5,0
2023-06-01 08:00:00,1.06812,1.06868,1.06616,1.06864,11324,5,0
2023-06-01 12:00:00,1.06865,1.07152,1.06827,1.0708,15644,5,0
2023-06-01 16:00:00,1.07081,1.07638,1.07027,1.07597,20149,5,0
2023-06-01 20:00:00,1.07597,1.07682,1.07554,1.07607,4867,5,0
2023-06-02 00:00:00,1.07607,1.07652,1.07552,1.07615,2599,5,0
2023-06-02 04:00:00,1.07615,1.0769,1.07586,1.07629,4530,5,0
2023-06-02 08:00:00,1.07628,1.07788,1.07599,1.07741,9391,5,0
2023-06-02 12:00:00,1.07741,1.07767,1.0734,1.07472,14849,5,0
2023-06-02 16:00:00,1.07472,1.07708,1.07084,1.07098,18448,5,0
2023-06-02 20:00:00,1.071,1.07156,1.07044,1.07048,5176,5,0
2023-06-05 00:00:00,1.07095,1.07095,1.06902,1.06935,3573,5,0
2023-06-05 04:00:00,1.06936,1.07044,1.06907,1.06998,4839,5,0
2023-06-05 08:00:00,1.06997,1.07035,1.06832,1.06957,9851,5,0
2023-06-05 12:00:00,1.06957,1.06989,1.06744,1.06786,7581,5,0
2023-06-05 16:00:00,1.06786,1.07222,1.06776,1.07114,16502,5,0
2023-06-05 20:00:00,1.07114,1.07173,1.0707200000000001,1.07118,4167,5,0
2023-06-06 00:00:00,1.07118,1.07167,1.07074,1.0716,2227,5,0
2023-06-06 04:00:00,1.0716,1.07244,1.07126,1.07232,5132,5,0
2023-06-06 08:00:00,1.07232,1.07327,1.06949,1.0699,14063,5,0
2023-06-06 12:00:00,1.06992,1.07008,1.06669,1.06705,10657,5,0
2023-06-06 16:00:00,1.06704,1.06976,1.06691,1.06882,11607,5,0
2023-06-06 20:00:00,1.06883,1.06961,1.0682,1.06914,3917,5,0
2023-06-07 00:00:00,1.06914,1.07042,1.06883,1.07003,2017,5,0
2023-06-07 04:00:00,1.07003,1.07013,1.06886,1.06903,4032,5,0
2023-06-07 08:00:00,1.06903,1.06932,1.0668,1.06928,8581,5,0
2023-06-07 12:00:00,1.06929,1.07228,1.06898,1.0716,10821,5,0
2023-06-07 16:00:00,1.07158,1.07395,1.06924,1.0693,17209,5,0
2023-06-07 20:00:00,1.0693,1.0705,1.06908,1.06971,5322,5,0
2023-06-08 00:00:00,1.06971,1.07098,1.06918,1.07084,3027,5,0
2023-06-08 04:00:00,1.07084,1.0713300000000001,1.07027,1.07113,4610,5,0
2023-06-08 08:00:00,1.07113,1.0729899999999999,1.07007,1.07265,9082,5,0
2023-06-08 12:00:00,1.07265,1.07589,1.07206,1.07466,12562,5,0
2023-06-08 16:00:00,1.07466,1.07868,1.07418,1.07845,16801,5,0
2023-06-08 20:00:00,1.07843,1.07856,1.07733,1.07807,4351,5,0
2023-06-09 00:00:00,1.07807,1.07849,1.07781,1.07818,2239,5,0
2023-06-09 04:00:00,1.07818,1.07849,1.07744,1.07752,4053,5,0
2023-06-09 08:00:00,1.07752,1.0783800000000001,1.07592,1.07631,8818,5,0
2023-06-09 12:00:00,1.07631,1.07839,1.07564,1.07667,10686,5,0
2023-06-09 16:00:00,1.07668,1.07749,1.07434,1.0748,12798,5,0
2023-06-09 20:00:00,1.07481,1.07521,1.07427,1.0748199999999999,3613,5,0
2023-06-12 00:00:00,1.07469,1.07513,1.0742,1.07454,2002,5,0
2023-06-12 04:00:00,1.07451,1.07458,1.07331,1.07407,3483,5,0
2023-06-12 08:00:00,1.07406,1.07839,1.07404,1.07768,8929,5,0
2023-06-12 12:00:00,1.0777,1.0789900000000001,1.0760399999999999,1.0766,10875,5,0
2023-06-12 16:00:00,1.0766,1.07713,1.07429,1.07484,12686,5,0
2023-06-12 20:00:00,1.07485,1.07632,1.07448,1.07558,4260,5,0
2023-06-13 00:00:00,1.07545,1.07666,1.07524,1.07603,2042,5,0
2023-06-13 04:00:00,1.07603,1.07829,1.07592,1.07819,4167,5,0
2023-06-13 08:00:00,1.07819,1.08081,1.07812,1.08072,12157,5,0
2023-06-13 12:00:00,1.08072,1.08234,1.07797,1.08141,15666,5,0
2023-06-13 16:00:00,1.08141,1.08178,1.0778,1.08022,19431,5,0
2023-06-13 20:00:00,1.08023,1.08043,1.07828,1.07919,6115,5,0
2023-06-14 00:00:00,1.07919,1.07936,1.07854,1.07898,2454,5,0
2023-06-14 04:00:00,1.07898,1.07959,1.07845,1.07893,3406,5,0
2023-06-14 08:00:00,1.07893,1.08046,1.07739,1.08019,7522,5,0
2023-06-14 12:00:00,1.08019,1.0833,1.07961,1.0831,9800,5,0
2023-06-14 16:00:00,1.0831,1.08641,1.0827,1.08622,11969,5,0
2023-06-14 20:00:00,1.08623,1.08627,1.08011,1.08231,25020,5,0
2023-06-15 00:00:00,1.08231,1.08443,1.08231,1.0838,3066,5,0
2023-06-15 04:00:00,1.0838,1.0838,1.08081,1.08113,5941,5,0
2023-06-15 08:00:00,1.08113,1.08371,1.08036,1.0832600000000001,9878,5,0
2023-06-15 12:00:00,1.0832600000000001,1.08808,1.08144,1.08643,16772,5,0
2023-06-15 16:00:00,1.08639,1.09449,1.08582,1.09436,19953,5,0
2023-06-15 20:00:00,1.09435,1.09524,1.09393,1.09434,5922,5,0
2023-06-16 00:00:00,1.09432,1.09507,1.09395,1.09419,3141,5,0
2023-06-16 04:00:00,1.09419,1.09482,1.09353,1.09386,5558,5,0
2023-06-16 08:00:00,1.09386,1.09622,1.09336,1.09505,11452,5,0
2023-06-16 12:00:00,1.09503,1.09706,1.09393,1.09506,10310,5,0
2023-06-16 16:00:00,1.09508,1.09668,1.09177,1.09338,19204,5,0
2023-06-16 20:00:00,1.09338,1.09453,1.0931899999999999,1.09396,5720,5,0
2023-06-19 00:00:00,1.09389,1.0946,1.09249,1.09365,3127,5,0
2023-06-19 04:00:00,1.09365,1.09406,1.09321,1.09346,3833,5,0
2023-06-19 08:00:00,1.09346,1.09411,1.09249,1.09293,8866,5,0
2023-06-19 12:00:00,1.09293,1.09295,1.09069,1.09257,7640,5,0
2023-06-19 16:00:00,1.09257,1.09287,1.09122,1.09159,6658,5,0
2023-06-19 20:00:00,1.09159,1.09212,1.09157,1.09202,1245,5,0
2023-06-20 00:00:00,1.09202,1.09259,1.09157,1.09201,2621,5,0
2023-06-20 04:00:00,1.092,1.09237,1.09103,1.09134,5233,5,0
2023-06-20 08:00:00,1.09135,1.0946,1.09114,1.09377,11043,5,0
2023-06-20 12:00:00,1.09377,1.09398,1.09119,1.09192,10521,5,0
2023-06-20 16:00:00,1.09192,1.09243,1.0892,1.09149,16464,5,0
2023-06-20 20:00:00,1.0915,1.09174,1.09095,1.09167,5198,5,0
2023-06-21 00:00:00,1.09167,1.0922,1.0914,1.09157,2523,5,0
2023-06-21 04:00:00,1.09157,1.09207,1.09114,1.09161,4372,5,0
2023-06-21 08:00:00,1.0916,1.09337,1.09055,1.09247,12003,5,0
2023-06-21 12:00:00,1.09246,1.09296,1.0908,1.0925,11784,5,0
2023-06-21 16:00:00,1.09247,1.0973600000000001,1.09103,1.09704,18664,5,0
2023-06-21 20:00:00,1.09704,1.09907,1.09669,1.09849,5952,5,0
2023-06-22 00:00:00,1.09849,1.09922,1.098,1.09879,2270,5,0
2023-06-22 04:00:00,1.09879,1.09947,1.09865,1.0987,3164,5,0
2023-06-22 08:00:00,1.0987,1.10034,1.09796,1.09927,10473,5,0
2023-06-22 12:00:00,1.09927,1.10119,1.09801,1.09822,15712,5,0
2023-06-22 16:00:00,1.09821,1.09889,1.09483,1.09544,17531,5,0
2023-06-22 20:00:00,1.09545,1.0961400000000001,1.09499,1.09544,5426,5,0
2023-06-23 00:00:00,1.09544,1.09585,1.09516,1.0955,2961,5,0
2023-06-23 04:00:00,1.09551,1.0956,1.09287,1.09328,6230,5,0
2023-06-23 08:00:00,1.09329,1.09337,1.08484,1.0849,18389,5,0
2023-06-23 12:00:00,1.0849,1.08954,1.08442,1.0887,12470,5,0
2023-06-23 16:00:00,1.08871,1.09019,1.0878700000000001,1.08855,17674,5,0
2023-06-23 20:00:00,1.08857,1.08961,1.08857,1.08929,5737,5,0
2023-06-26 00:00:00,1.0904,1.09091,1.08879,1.09051,4762,5,0
2023-06-26 04:00:00,1.09051,1.09096,1.08996,1.09023,5274,5,0
2023-06-26 08:00:00,1.09023,1.09108,1.08871,1.08918,11339,5,0
2023-06-26 12:00:00,1.08916,1.09199,1.08906,1.09173,8587,5,0
2023-06-26 16:00:00,1.09173,1.09199,1.08997,1.09084,11868,5,0
2023-06-26 20:00:00,1.09085,1.09151,1.09032,1.09047,4059,5,0
2023-06-27 00:00:00,1.09047,1.09112,1.09018,1.09043,2874,5,0
2023-06-27 04:00:00,1.09043,1.09349,1.09035,1.0923,6449,5,0
2023-06-27 08:00:00,1.0923,1.09437,1.0916,1.09393,10462,5,0
2023-06-27 12:00:00,1.09393,1.0971899999999999,1.09259,1.09652,11949,5,0
2023-06-27 16:00:00,1.09652,1.09765,1.09422,1.09586,17692,5,0
2023-06-27 20:00:00,1.09586,1.09637,1.09548,1.09593,4655,5,0
2023-06-28 00:00:00,1.09594,1.09615,1.09524,1.09544,3267,5,0
2023-06-28 04:00:00,1.09543,1.0956,1.09422,1.09484,6009,5,0
2023-06-28 08:00:00,1.09485,1.09603,1.09359,1.09525,10186,5,0
2023-06-28 12:00:00,1.09525,1.0962,1.0925799999999999,1.09276,11222,5,0
2023-06-28 16:00:00,1.09275,1.09442,1.08965,1.09107,20152,5,0
2023-06-28 20:00:00,1.09106,1.09237,1.09098,1.09115,5107,5,0
2023-06-29 00:00:00,1.09116,1.09186,1.0901,1.09067,2101,5,0
2023-06-29 04:00:00,1.09067,1.09143,1.08803,1.08851,5891,5,0
2023-06-29 08:00:00,1.08853,1.09217,1.08837,1.09143,10621,5,0
2023-06-29 12:00:00,1.09142,1.09412,1.0873,1.08808,12617,5,0
2023-06-29 16:00:00,1.08808,1.08965,1.086,1.08705,19007,5,0
2023-06-29 20:00:00,1.08705,1.08749,1.0861399999999999,1.08628,4798,5,0
2023-06-30 00:00:00,1.08628,1.08737,1.08608,1.08718,2497,5,0
2023-06-30 04:00:00,1.08718,1.08751,1.086,1.08697,5177,5,0
2023-06-30 08:00:00,1.08698,1.08753,1.0835,1.0838700000000001,10322,5,0
2023-06-30 12:00:00,1.08386,1.08975,1.08356,1.08968,11678,5,0
2023-06-30 16:00:00,1.08967,1.09316,1.08959,1.0918,21657,5,0
2023-06-30 20:00:00,1.09181,1.09228,1.0907499999999999,1.09096,5205,5,0
2023-07-03 00:00:00,1.0909,1.09119,1.09003,1.0901399999999999,2500,5,0
2023-07-03 04:00:00,1.0901399999999999,1.09179,1.09011,1.09173,4213,5,0
2023-07-03 08:00:00,1.09173,1.09179,1.087,1.0886,9319,5,0
2023-07-03 12:00:00,1.0886,1.091,1.08759,1.09086,9416,5,0
2023-07-03 16:00:00,1.09086,1.0934,1.09017,1.09152,14841,5,0
2023-07-03 20:00:00,1.09154,1.09162,1.09083,1.09096,2083,5,0
2023-07-04 00:00:00,1.09096,1.09148,1.0906,1.09096,1591,5,0
2023-07-04 04:00:00,1.09098,1.09161,1.09004,1.09005,3235,5,0
2023-07-04 08:00:00,1.09005,1.09146,1.08919,1.08952,6971,5,0
2023-07-04 12:00:00,1.0895299999999999,1.09037,1.08894,1.09006,6286,5,0
2023-07-04 16:00:00,1.09005,1.09072,1.08917,1.08942,5086,5,0
2023-07-04 20:00:00,1.08942,1.0897000000000001,1.08756,1.08777,1748,5,0
2023-07-05 00:00:00,1.08777,1.08907,1.08762,1.08865,2205,5,0
2023-07-05 04:00:00,1.08865,1.08869,1.08747,1.08755,3375,5,0
2023-07-05 08:00:00,1.08754,1.09077,1.08662,1.08878,12244,5,0
2023-07-05 12:00:00,1.08878,1.09019,1.08752,1.08941,10008,5,0
2023-07-05 16:00:00,1.08941,1.09013,1.08588,1.08605,12412,5,0
2023-07-05 20:00:00,1.08606,1.08653,1.08507,1.08527,4688,5,0
2023-07-06 00:00:00,1.08527,1.08561,1.08462,1.08488,3316,5,0
2023-07-06 04:00:00,1.08488,1.08533,1.08334,1.0843099999999999,5171,5,0
2023-07-06 08:00:00,1.0843,1.08751,1.08414,1.08639,11682,5,0
2023-07-06 12:00:00,1.08639,1.09005,1.08582,1.08737,18094,5,0
2023-07-06 16:00:00,1.08737,1.08876,1.08333,1.08723,21328,5,0
2023-07-06 20:00:00,1.08724,1.08913,1.08722,1.08875,4926,5,0
2023-07-07 00:00:00,1.08875,1.08946,1.08821,1.08849,2428,5,0
2023-07-07 04:00:00,1.0884800000000001,1.08949,1.08832,1.0890900000000001,3303,5,0
2023-07-07 08:00:00,1.08908,1.09002,1.08669,1.08778,10384,5,0
2023-07-07 12:00:00,1.08778,1.09313,1.08697,1.09119,17007,5,0
2023-07-07 16:00:00,1.09116,1.09727,1.08952,1.09716,22769,5,0
2023-07-07 20:00:00,1.09715,1.0973,1.09631,1.09651,5213,5,0
2023-07-10 00:00:00,1.09567,1.09687,1.09565,1.09639,3093,5,0
2023-07-10 04:00:00,1.0964,1.09693,1.09525,1.09528,5364,5,0
2023-07-10 08:00:00,1.09529,1.09655,1.09449,1.09645,8811,5,0
2023-07-10 12:00:00,1.09643,1.09731,1.09433,1.09468,9086,5,0
2023-07-10 16:00:00,1.09469,1.09925,1.09469,1.09891,13527,5,0
2023-07-10 20:00:00,1.0989,1.10013,1.09873,1.10001,4217,5,0
2023-07-11 00:00:00,1.10001,1.1008499999999999,1.09918,1.10066,2387,5,0
2023-07-11 04:00:00,1.10066,1.102,1.10054,1.10196,5620,5,0
2023-07-11 08:00:00,1.10196,1.1027,1.10019,1.10022,11176,5,0
2023-07-11 12:00:00,1.1002399999999999,1.10124,1.09767,1.09817,10250,5,0
2023-07-11 16:00:00,1.09816,1.10031,1.09782,1.10025,11326,5,0
2023-07-11 20:00:00,1.10025,1.1009,1.09974,1.10071,4103,5,0
2023-07-12 00:00:00,1.10068,1.10214,1.09994,1.10185,2782,5,0
2023-07-12 04:00:00,1.10184,1.10366,1.10183,1.1036,6140,5,0
2023-07-12 08:00:00,1.1036,1.10361,1.10203,1.1022,8675,5,0
2023-07-12 12:00:00,1.10218,1.10717,1.10135,1.1058,15340,5,0
2023-07-12 16:00:00,1.10581,1.11333,1.10562,1.11318,23413,5,0
2023-07-12 20:00:00,1.11315,1.11401,1.11242,1.11283,6604,5,0
2023-07-13 00:00:00,1.11285,1.1145,1.1125,1.1138,3107,5,0
2023-07-13 04:00:00,1.1138,1.11485,1.11362,1.11407,5430,5,0
2023-07-13 08:00:00,1.11407,1.11699,1.11296,1.11606,12355,5,0
2023-07-13 12:00:00,1.11606,1.11895,1.11548,1.11794,14971,5,0
2023-07-13 16:00:00,1.11796,1.12087,1.1176,1.12056,15847,5,0
2023-07-13 20:00:00,1.12056,1.12277,1.12022,1.12248,5841,5,0
2023-07-14 00:00:00,1.12247,1.12284,1.12051,1.12226,3871,5,0
2023-07-14 04:00:00,1.12224,1.12428,1.12218,1.12328,6758,5,0
2023-07-14 08:00:00,1.12328,1.12358,1.1204,1.12311,10352,5,0
2023-07-14 12:00:00,1.1231,1.12447,1.12101,1.12256,11836,5,0
2023-07-14 16:00:00,1.12256,1.12442,1.12151,1.12392,18862,5,0
2023-07-14 20:00:00,1.12394,1.12394,1.12243,1.12272,5239,5,0
2023-07-17 00:00:00,1.123,1.12335,1.12215,1.12244,2820,5,0
2023-07-17 04:00:00,1.12244,1.12284,1.12144,1.12267,4987,5,0
2023-07-17 08:00:00,1.12267,1.12486,1.12219,1.12377,8676,5,0
2023-07-17 12:00:00,1.12377,1.12446,1.12206,1.12352,10326,5,0
2023-07-17 16:00:00,1.12354,1.12381,1.1203,1.12328,10834,5,0
2023-07-17 20:00:00,1.12328,1.12459,1.12318,1.1232199999999999,4080,5,0
2023-07-18 00:00:00,1.12319,1.12462,1.12313,1.12417,2293,5,0
2023-07-18 04:00:00,1.12419,1.1256,1.1238299999999999,1.12515,5739,5,0
2023-07-18 08:00:00,1.12515,1.12754,1.1227800000000001,1.12369,12634,5,0
2023-07-18 12:00:00,1.12369,1.12701,1.12228,1.12396,15625,5,0
2023-07-18 16:00:00,1.12397,1.12457,1.12087,1.12144,20995,5,0
2023-07-18 20:00:00,1.12145,1.12314,1.12091,1.1227,4692,5,0
2023-07-19 00:00:00,1.1227,1.12325,1.12228,1.12293,3012,5,0
2023-07-19 04:00:00,1.12293,1.1231,1.1216,1.12214,5696,5,0
2023-07-19 08:00:00,1.12213,1.1237,1.1195599999999999,1.1232199999999999,15696,5,0
2023-07-19 12:00:00,1.1232199999999999,1.12399,1.12085,1.1217,12162,5,0
2023-07-19 16:00:00,1.1217,1.12244,1.1174,1.11919,16943,5,0
2023-07-19 20:00:00,1.1192,1.12049,1.11899,1.11966,5140,5,0
2023-07-20 00:00:00,1.11966,1.12199,1.11929,1.1218,3025,5,0
2023-07-20 04:00:00,1.1218,1.1229,1.12155,1.1221,6610,5,0
2023-07-20 08:00:00,1.1221,1.12229,1.11978,1.12082,10600,5,0
2023-07-20 12:00:00,1.12083,1.12165,1.11769,1.11825,12665,5,0
2023-07-20 16:00:00,1.11824,1.11884,1.11182,1.1124,17042,5,0
2023-07-20 20:00:00,1.1124,1.11346,1.11217,1.11284,4884,5,0
2023-07-21 00:00:00,1.11285,1.11379,1.11242,1.11372,3333,5,0
2023-07-21 04:00:00,1.11372,1.11415,1.11307,1.11393,5095,5,0
2023-07-21 08:00:00,1.11395,1.11447,1.11212,1.11281,11831,5,0
2023-07-21 12:00:00,1.11281,1.11341,1.11172,1.11281,11262,5,0
2023-07-21 16:00:00,1.11281,1.11379,1.11077,1.11232,12204,5,0
2023-07-21 20:00:00,1.11232,1.113,1.11189,1.11239,3575,5,0
2023-07-24 00:00:00,1.11194,1.11326,1.11189,1.11296,2851,5,0
2023-07-24 04:00:00,1.11297,1.11309,1.11167,1.11199,4780,5,0
2023-07-24 08:00:00,1.11199,1.11467,1.10655,1.10707,15300,5,0
2023-07-24 12:00:00,1.10707,1.11088,1.10691,1.10877,10682,5,0
2023-07-24 16:00:00,1.10876,1.11041,1.10688,1.10812,15428,5,0
2023-07-24 20:00:00,1.10812,1.10843,1.10601,1.10629,4521,5,0
2023-07-25 00:00:00,1.10629,1.10698,1.10595,1.10673,2557,5,0
2023-07-25 04:00:00,1.10673,1.10814,1.1067,1.107,4916,5,0
2023-07-25 08:00:00,1.107,1.10866,1.10526,1.10646,11162,5,0
2023-07-25 12:00:00,1.10647,1.10675,1.1039,1.10483,9134,5,0
2023-07-25 16:00:00,1.1048499999999999,1.1054599999999999,1.10206,1.10421,12535,5,0
2023-07-25 20:00:00,1.1042,1.10549,1.10353,1.1048,4381,5,0
2023-07-26 00:00:00,1.1048,1.1056,1.10439,1.10456,2917,5,0
2023-07-26 04:00:00,1.10456,1.1053,1.10375,1.1048,4395,5,0
2023-07-26 08:00:00,1.1048,1.10774,1.10474,1.10755,9627,5,0
2023-07-26 12:00:00,1.10755,1.10861,1.10573,1.10681,8994,5,0
2023-07-26 16:00:00,1.10681,1.10821,1.10573,1.10717,12164,5,0
2023-07-26 20:00:00,1.10717,1.11064,1.10558,1.10846,22042,5,0
2023-07-27 00:00:00,1.10846,1.10888,1.10754,1.10863,2915,5,0
2023-07-27 04:00:00,1.10863,1.11178,1.10863,1.1096,6758,5,0
2023-07-27 08:00:00,1.1096,1.1139000000000001,1.10878,1.11389,12119,5,0
2023-07-27 12:00:00,1.11389,1.1149499999999999,1.10474,1.10591,19958,5,0
2023-07-27 16:00:00,1.1059,1.10652,1.09838,1.099,28217,5,0
2023-07-27 20:00:00,1.0990199999999999,1.10103,1.09657,1.09755,14160,5,0
2023-07-28 00:00:00,1.09752,1.09832,1.09731,1.098,3077,5,0
2023-07-28 04:00:00,1.098,1.09884,1.09594,1.09725,15525,5,0
2023-07-28 08:00:00,1.09726,1.09913,1.09435,1.09594,19979,5,0
2023-07-28 12:00:00,1.09595,1.10332,1.09562,1.10091,15988,5,0
2023-07-28 16:00:00,1.10091,1.10474,1.09929,1.10252,19285,5,0
2023-07-28 20:00:00,1.10251,1.10295,1.10133,1.10153,5610,5,0
2023-07-31 00:00:00,1.10187,1.10282,1.10089,1.1022,3697,5,0
2023-07-31 04:00:00,1.10218,1.10264,1.10056,1.10057,5856,5,0
2023-07-31 08:00:00,1.10058,1.10353,1.10052,1.10333,11743,5,0
2023-07-31 12:00:00,1.10341,1.10401,1.10186,1.1028,10067,5,0
2023-07-31 16:00:00,1.1028,1.10457,1.10037,1.10068,15094,5,0
2023-07-31 20:00:00,1.10068,1.10111,1.09931,1.09956,4469,5,0
2023-08-01 00:00:00,1.09956,1.10016,1.0988,1.09887,2573,5,0
2023-08-01 04:00:00,1.09886,1.09909,1.09802,1.09899,5110,5,0
2023-08-01 08:00:00,1.09898,1.10002,1.09699,1.09744,10935,5,0
2023-08-01 12:00:00,1.09744,1.09844,1.09522,1.09562,11580,5,0
